,ds,y,sunshine_amount,rain_sum,windspeed,air_temperature
0,2021-01-01,16321.7,0.0,0.0,0.0,0.0
1,2021-01-02,6584.2,0.0,0.0,0.0,0.0
2,2021-01-03,10853.8,0.0,0.0,0.0,0.0
3,2021-01-04,4533.2,0.0,0.0,0.0,0.0
4,2021-01-05,5328.4,0.0,0.0,0.0,0.0
5,2021-01-06,5889.4,0.0,0.0,0.0,0.0
6,2021-01-07,6254.2,0.0,0.0,0.0,0.0
7,2021-01-08,8082.0,0.0,0.0,0.0,0.0
8,2021-01-09,7220.0,0.0,0.0,0.0,0.0
9,2021-01-10,9983.0,0.0,0.0,0.0,0.0
10,2021-01-11,5541.4,0.0,0.0,0.0,0.0
11,2021-01-12,8360.6,0.0,0.0,0.0,0.0
12,2021-01-13,6232.9,0.0,0.0,0.0,0.0
13,2021-01-14,9332.8,0.0,0.0,0.0,0.0
14,2021-01-15,19320.4,0.0,0.0,0.0,0.0
15,2021-01-16,8858.3,0.0,0.0,0.0,0.0
16,2021-01-17,11102.9,0.0,0.0,0.0,0.0
17,2021-01-18,3930.1,0.0,0.0,0.0,0.0
18,2021-01-19,5732.0,0.0,0.0,0.0,0.0
19,2021-01-20,8755.3,0.0,0.0,0.0,0.0
20,2021-01-21,9411.1,0.0,0.0,0.0,0.0
21,2021-01-22,9346.8,0.0,0.0,0.0,0.0
22,2021-01-23,6508.1,0.0,0.0,0.0,0.0
23,2021-01-24,8099.3,0.0,0.0,0.0,0.0
24,2021-01-25,6087.1,0.0,0.0,0.0,0.0
25,2021-01-26,5910.9,0.0,0.0,0.0,0.0
26,2021-01-27,5472.0,0.0,0.0,0.0,0.0
27,2021-01-28,6182.7,0.0,0.0,0.0,0.0
28,2021-01-29,11092.4,0.0,0.0,0.0,0.0
29,2021-01-30,6665.3,0.0,0.0,0.0,0.0
30,2021-01-31,7972.8,0.0,0.0,0.0,0.0
31,2021-02-01,4380.2,0.0,0.0,0.0,0.0
32,2021-02-02,8027.1,0.0,0.0,0.0,0.0
33,2021-02-03,6245.9,0.0,0.0,0.0,0.0
34,2021-02-04,6025.8,0.0,0.0,0.0,0.0
35,2021-02-05,9379.6,0.0,0.0,0.0,0.0
36,2021-02-06,6256.9,0.0,0.0,0.0,0.0
37,2021-02-07,10954.7,0.0,0.0,0.0,0.0
38,2021-02-08,5482.3,0.0,0.0,0.0,0.0
39,2021-02-09,4732.0,0.0,0.0,0.0,0.0
40,2021-02-10,5200.9,0.0,0.0,0.0,0.0
41,2021-02-11,2269.1,0.0,0.0,0.0,0.0
42,2021-02-12,5796.1,0.0,0.0,0.0,0.0
43,2021-02-13,9081.2,0.0,0.0,0.0,0.0
44,2021-02-14,13477.3,0.0,0.0,0.0,0.0
45,2021-02-15,4496.1,0.0,0.0,0.0,0.0
46,2021-02-16,7675.7,0.0,0.0,0.0,0.0
47,2021-02-17,4072.7,0.0,0.0,0.0,0.0
48,2021-02-18,9378.6,0.0,0.0,0.0,0.0
49,2021-02-19,10801.1,0.0,0.0,0.0,0.0
50,2021-02-20,11301.9,0.0,0.0,0.0,0.0
51,2021-02-21,15012.6,0.0,0.0,0.0,0.0
52,2021-02-22,6770.9,0.0,0.0,0.0,0.0
53,2021-02-23,8689.7,0.0,0.0,0.0,0.0
54,2021-02-24,8077.9,0.0,0.0,0.0,0.0
55,2021-02-25,14197.8,0.0,0.0,0.0,0.0
56,2021-02-26,13523.1,0.0,0.0,0.0,0.0
57,2021-02-27,14346.3,0.0,0.0,0.0,0.0
58,2021-02-28,21238.2,0.0,0.0,0.0,0.0
59,2021-03-01,6910.7,0.0,0.0,0.0,0.0
60,2021-03-02,9804.0,0.0,0.0,0.0,0.0
61,2021-03-03,9963.7,0.0,0.0,0.0,0.0
62,2021-03-04,10321.5,0.0,0.0,0.0,0.0
63,2021-03-05,13081.1,0.0,0.0,0.0,0.0
64,2021-03-06,12733.1,0.0,0.0,0.0,0.0
65,2021-03-07,14411.8,0.0,0.0,0.0,0.0
66,2021-03-08,6074.9,0.0,0.0,0.0,0.0
67,2021-03-09,7934.1,0.0,0.0,0.0,0.0
68,2021-03-10,10104.1,0.0,0.0,0.0,0.0
69,2021-03-11,7145.0,0.0,0.0,0.0,0.0
70,2021-03-12,14438.1,0.0,0.0,0.0,0.0
71,2021-03-13,12727.4,0.0,0.0,0.0,0.0
72,2021-03-14,14339.3,0.0,0.0,0.0,0.0
73,2021-03-15,7282.9,0.0,0.0,0.0,0.0
74,2021-03-16,9609.3,0.0,0.0,0.0,0.0
75,2021-03-17,8540.1,0.0,0.0,0.0,0.0
76,2021-03-18,10095.9,0.0,0.0,0.0,0.0
77,2021-03-19,11776.8,0.0,0.0,0.0,0.0
78,2021-03-20,11750.6,0.0,0.0,0.0,0.0
79,2021-03-21,13118.0,0.0,0.0,0.0,0.0
80,2021-03-22,6516.8,0.0,0.0,0.0,0.0
81,2021-03-23,6897.8,0.0,0.0,0.0,0.0
82,2021-03-24,7946.2,0.0,0.0,0.0,0.0
83,2021-03-25,5726.9,0.0,0.0,0.0,0.0
84,2021-03-26,14005.4,0.0,0.0,0.0,0.0
85,2021-03-27,10150.0,0.0,0.0,0.0,0.0
86,2021-03-28,7249.4,0.0,0.0,0.0,0.0
87,2021-03-29,5235.9,0.0,0.0,0.0,0.0
88,2021-03-30,6866.5,0.0,0.0,0.0,0.0
89,2021-03-31,9028.8,0.0,0.0,0.0,0.0
90,2021-04-01,8544.4,0.0,0.0,0.0,0.0
91,2021-04-02,8613.4,0.0,0.0,0.0,0.0
92,2021-04-03,3850.0,0.0,0.0,0.0,0.0
93,2021-04-04,10752.5,0.0,0.0,0.0,0.0
94,2021-04-05,23403.2,0.0,0.0,0.0,0.0
95,2021-04-06,9414.4,0.0,0.0,0.0,0.0
96,2021-04-07,10277.6,0.0,0.0,0.0,0.0
97,2021-04-08,9111.5,0.0,0.0,0.0,0.0
98,2021-04-09,11854.0,0.0,0.0,0.0,0.0
99,2021-04-10,12261.2,0.0,0.0,0.0,0.0
100,2021-04-11,15031.9,0.0,0.0,0.0,0.0
101,2021-04-12,11134.7,0.0,0.0,0.0,0.0
102,2021-04-13,8536.7,0.0,0.0,0.0,0.0
103,2021-04-14,15952.8,0.0,0.0,0.0,0.0
104,2021-04-15,13146.5,0.0,0.0,0.0,0.0
105,2021-04-16,13331.6,0.0,0.0,0.0,0.0
106,2021-04-17,19567.9,0.0,0.0,0.0,0.0
107,2021-04-18,20959.2,0.0,0.0,0.0,0.0
108,2021-04-19,10983.0,0.0,0.0,0.0,0.0
109,2021-04-20,13618.0,0.0,0.0,0.0,0.0
110,2021-04-21,9940.8,0.0,0.0,0.0,0.0
111,2021-04-22,10194.0,0.0,0.0,0.0,0.0
112,2021-04-23,17498.6,0.0,0.0,0.0,0.0
113,2021-04-24,15458.9,0.0,0.0,0.0,0.0
114,2021-04-25,14405.8,0.0,0.0,0.0,0.0
115,2021-04-26,11594.2,0.0,0.0,0.0,0.0
116,2021-04-27,13198.5,0.0,0.0,0.0,0.0
117,2021-04-28,15819.4,0.0,0.0,0.0,0.0
118,2021-04-29,14970.2,0.0,0.0,0.0,0.0
119,2021-04-30,18606.0,0.0,0.0,0.0,0.0
120,2021-05-01,19328.0,0.0,0.0,0.0,0.0
121,2021-05-02,26898.3,0.0,0.0,0.0,0.0
122,2021-05-03,10997.2,0.0,0.0,0.0,0.0
123,2021-05-04,13755.0,0.0,0.0,0.0,0.0
124,2021-05-05,14447.9,0.0,0.0,0.0,0.0
125,2021-05-06,13924.1,0.0,0.0,0.0,0.0
126,2021-05-07,16661.4,0.0,0.0,0.0,0.0
127,2021-05-08,17936.6,0.0,0.0,0.0,0.0
128,2021-05-09,22100.5,0.0,0.0,0.0,0.0
129,2021-05-10,15728.3,0.0,0.0,0.0,0.0
130,2021-05-11,12921.0,0.0,0.0,0.0,0.0
131,2021-05-12,17114.7,0.0,0.0,0.0,0.0
132,2021-05-13,27702.1,0.0,0.0,0.0,0.0
133,2021-05-14,17878.3,0.0,0.0,0.0,0.0
134,2021-05-15,13044.0,0.0,0.0,0.0,0.0
135,2021-05-16,21934.1,0.0,0.0,0.0,0.0
136,2021-05-17,0.0,0.0,0.0,0.0,0.0
137,2021-05-18,24255.3,0.0,0.0,0.0,0.0
138,2021-05-19,17568.1,0.0,0.0,0.0,0.0
139,2021-05-20,14391.2,0.0,0.0,0.0,0.0
140,2021-05-21,20715.1,0.0,0.0,0.0,0.0
141,2021-05-22,21598.4,0.0,0.0,0.0,0.0
142,2021-05-23,23752.0,0.0,0.0,0.0,0.0
143,2021-05-24,27444.2,0.0,0.0,0.0,0.0
144,2021-05-25,14246.4,0.0,0.0,0.0,0.0
145,2021-05-26,20407.1,0.0,0.0,0.0,0.0
146,2021-05-27,18576.0,0.0,0.0,0.0,0.0
147,2021-05-28,22902.1,0.0,0.0,0.0,0.0
148,2021-05-29,21070.9,0.0,0.0,0.0,0.0
149,2021-05-30,28073.8,0.0,0.0,0.0,0.0
150,2021-05-31,14581.0,0.0,0.0,0.0,0.0
151,2021-06-01,20188.0,0.0,0.0,0.0,0.0
152,2021-06-02,19538.3,0.0,0.0,0.0,0.0
153,2021-06-03,27944.0,0.0,0.0,0.0,0.0
154,2021-06-04,21712.9,0.0,0.0,0.0,0.0
155,2021-06-05,23772.5,0.0,0.0,0.0,0.0
156,2021-06-06,32690.3,0.0,0.0,0.0,0.0
157,2021-06-07,14015.0,0.0,0.0,0.0,0.0
158,2021-06-08,19637.0,0.0,0.0,0.0,0.0
159,2021-06-09,18537.7,0.0,0.0,0.0,0.0
160,2021-06-10,25660.3,0.0,0.0,0.0,0.0
161,2021-06-11,34416.6,0.0,0.0,0.0,0.0
162,2021-06-12,20178.0,0.0,0.0,0.0,0.0
163,2021-06-13,34001.3,0.0,0.0,0.0,0.0
164,2021-06-14,22210.0,0.0,0.0,0.0,0.0
165,2021-06-15,22780.5,0.0,0.0,0.0,0.0
166,2021-06-16,28656.4,0.0,0.0,0.0,0.0
167,2021-06-17,28275.0,0.0,0.0,0.0,0.0
168,2021-06-18,42298.6,0.0,0.0,0.0,0.0
169,2021-06-19,44860.0,0.0,0.0,0.0,0.0
170,2021-06-20,41581.0,0.0,0.0,0.0,0.0
171,2021-06-21,9723.4,0.0,0.0,0.0,0.0
172,2021-06-22,42531.1,0.0,0.0,0.0,0.0
173,2021-06-23,26591.7,0.0,0.0,0.0,0.0
174,2021-06-24,29361.0,0.0,0.0,0.0,0.0
175,2021-06-25,35642.6,0.0,0.0,0.0,0.0
176,2021-06-26,91390.6,0.0,0.0,0.0,0.0
177,2021-06-27,40098.8,0.0,0.0,0.0,0.0
178,2021-06-28,19362.5,0.0,0.0,0.0,0.0
179,2021-06-29,24170.4,0.0,0.0,0.0,0.0
180,2021-06-30,26331.9,0.0,0.0,0.0,0.0
181,2021-07-01,24910.3,0.0,0.0,0.0,0.0
182,2021-07-02,25082.6,0.0,0.0,0.0,0.0
183,2021-07-03,23972.7,0.0,0.0,0.0,0.0
184,2021-07-04,33538.8,0.0,0.0,0.0,0.0
185,2021-07-05,24074.7,0.0,0.0,0.0,0.0
186,2021-07-06,28765.6,0.0,0.0,0.0,0.0
187,2021-07-07,26285.4,0.0,0.0,0.0,0.0
188,2021-07-08,24346.7,0.0,0.0,0.0,0.0
189,2021-07-09,27864.0,0.0,0.0,0.0,0.0
190,2021-07-10,32872.3,0.0,0.0,0.0,0.0
191,2021-07-11,22868.9,0.0,0.0,0.0,0.0
192,2021-07-12,24827.2,0.0,0.0,0.0,0.0
193,2021-07-13,26350.3,0.0,0.0,0.0,0.0
194,2021-07-14,27476.6,0.0,0.0,0.0,0.0
195,2021-07-15,26191.8,0.0,0.0,0.0,0.0
196,2021-07-16,25293.6,0.0,0.0,0.0,0.0
197,2021-07-17,21546.9,0.0,0.0,0.0,0.0
198,2021-07-18,32724.6,0.0,0.0,0.0,0.0
199,2021-07-19,20386.5,0.0,0.0,0.0,0.0
200,2021-07-20,23295.7,0.0,0.0,0.0,0.0
201,2021-07-21,21627.4,0.0,0.0,0.0,0.0
202,2021-07-22,21776.8,0.0,0.0,0.0,0.0
203,2021-07-23,32135.4,0.0,0.0,0.0,0.0
204,2021-07-24,21560.7,0.0,0.0,0.0,0.0
205,2021-07-25,37514.2,0.0,0.0,0.0,0.0
206,2021-07-26,26494.4,0.0,0.0,0.0,0.0
207,2021-07-27,25570.6,0.0,0.0,0.0,0.0
208,2021-07-28,26536.8,0.0,0.0,0.0,0.0
209,2021-07-29,31863.6,0.0,0.0,0.0,0.0
210,2021-07-30,29557.7,0.0,0.0,0.0,0.0
211,2021-07-31,39984.3,0.0,0.0,0.0,0.0
212,2021-08-01,42440.9,0.0,0.0,0.0,0.0
213,2021-08-02,32473.2,0.0,0.0,0.0,0.0
214,2021-08-03,24686.6,0.0,0.0,0.0,0.0
215,2021-08-04,27405.5,0.0,0.0,0.0,0.0
216,2021-08-05,26650.7,0.0,0.0,0.0,0.0
217,2021-08-06,45721.4,0.0,0.0,0.0,0.0
218,2021-08-07,38860.6,0.0,0.0,0.0,0.0
219,2021-08-08,38602.0,0.0,0.0,0.0,0.0
220,2021-08-09,20233.1,0.0,0.0,0.0,0.0
221,2021-08-10,28971.2,0.0,0.0,0.0,0.0
222,2021-08-11,27733.2,0.0,0.0,0.0,0.0
223,2021-08-12,30326.3,0.0,0.0,0.0,0.0
224,2021-08-13,31554.6,0.0,0.0,0.0,0.0
225,2021-08-14,45836.3,0.0,0.0,0.0,0.0
226,2021-08-15,39875.8,0.0,0.0,0.0,0.0
227,2021-08-16,37097.0,0.0,0.0,0.0,0.0
228,2021-08-17,29731.5,0.0,0.0,0.0,0.0
229,2021-08-18,31561.4,0.0,0.0,0.0,0.0
230,2021-08-19,36537.7,0.0,0.0,0.0,0.0
231,2021-08-20,35416.4,0.0,0.0,0.0,0.0
232,2021-08-21,85897.5,0.0,0.0,0.0,0.0
233,2021-08-22,41368.0,0.0,0.0,0.0,0.0
234,2021-08-23,25576.6,0.0,0.0,0.0,0.0
235,2021-08-24,21774.6,0.0,0.0,0.0,0.0
236,2021-08-25,18758.6,0.0,0.0,0.0,0.0
237,2021-08-26,29874.7,0.0,0.0,0.0,0.0
238,2021-08-27,31968.3,0.0,0.0,0.0,0.0
239,2021-08-28,38377.7,0.0,0.0,0.0,0.0
240,2021-08-29,36885.6,0.0,0.0,0.0,0.0
241,2021-08-30,18601.1,0.0,0.0,0.0,0.0
242,2021-08-31,22068.4,0.0,0.0,0.0,0.0
243,2021-09-01,28162.9,135.0,0.0,6.5,23.4
244,2021-09-02,25786.9,231.0,0.0,4.0,24.4
245,2021-09-03,29541.7,4.0,0.0,5.0,17.6
246,2021-09-04,26524.5,366.0,0.0,5.9,15.6
247,2021-09-05,36745.7,197.0,0.0,4.0,19.5
248,2021-09-06,21837.8,181.0,0.0,3.4,19.9
249,2021-09-07,23385.9,55.0,0.0,2.5,20.5
250,2021-09-08,29534.9,214.0,0.0,3.6,25.4
251,2021-09-09,26644.4,120.0,0.0,2.4,24.0
252,2021-09-10,42025.0,107.0,0.0,3.5,21.3
253,2021-09-11,32305.9,0.0,8.6,2.9,17.3
254,2021-09-12,33924.5,36.0,2.0,4.1,19.2
255,2021-09-13,15663.7,183.0,0.0,3.4,17.1
256,2021-09-14,17655.4,203.0,0.0,4.0,18.1
257,2021-09-15,30707.5,0.0,0.0,4.2,16.6
258,2021-09-16,32277.5,0.0,0.0,5.0,13.1
259,2021-09-17,38255.0,0.0,0.0,4.9,11.4
260,2021-09-18,45312.0,0.0,0.0,3.6,12.1
261,2021-09-19,39785.4,0.0,0.0,2.2,12.0
262,2021-09-20,23854.9,0.0,0.0,3.2,10.3
263,2021-09-21,26608.4,109.0,0.0,4.0,16.7
264,2021-09-22,28507.0,66.0,0.9,4.6,17.7
265,2021-09-23,28485.0,176.0,0.0,4.6,13.3
266,2021-09-24,39118.5,40.0,0.4,3.6,12.5
267,2021-09-25,39591.9,351.0,0.0,3.9,18.1
268,2021-09-26,41752.9,112.0,0.0,3.6,15.7
269,2021-09-27,22453.7,0.0,11.8,5.3,14.9
270,2021-09-28,23611.5,160.0,0.30000000000000004,3.6,16.7
271,2021-09-29,24640.8,0.0,1.8,4.4,13.1
272,2021-09-30,29126.0,0.0,8.7,5.4,11.2
273,2021-10-01,33219.7,0.0,16.0,6.5,13.4
274,2021-10-02,39949.2,0.0,5.3,3.5,13.5
275,2021-10-03,34805.3,0.0,24.1,5.2,14.0
276,2021-10-04,19409.5,0.0,2.1,4.9,14.2
277,2021-10-05,23366.4,0.0,8.0,4.4,13.7
278,2021-10-06,35661.6,0.0,0.2,8.1,11.7
279,2021-10-07,29171.2,0.0,0.0,2.3,12.9
280,2021-10-08,37515.0,0.0,3.2,4.2,13.1
281,2021-10-09,38726.9,0.0,0.0,4.5,14.7
282,2021-10-10,38229.8,0.0,3.9000000000000004,3.6,11.4
283,2021-10-11,24496.9,0.0,0.0,5.8,12.4
284,2021-10-12,29651.5,0.0,0.0,5.7,12.2
285,2021-10-13,29540.4,0.0,0.2,3.9,7.6
286,2021-10-14,32469.7,0.0,0.0,6.0,12.1
287,2021-10-15,58779.2,0.0,0.0,5.4,11.8
288,2021-10-16,46782.6,0.0,0.0,5.5,12.0
289,2021-10-17,45819.2,0.0,0.0,4.6,9.0
290,2021-10-18,19829.5,0.0,0.0,2.3,7.6
291,2021-10-19,22025.4,0.0,5.1,3.3,3.9
292,2021-10-20,29148.2,0.0,0.5,5.4,12.1
293,2021-10-21,32092.8,0.0,0.0,6.4,10.5
294,2021-10-22,48382.6,0.0,0.0,5.1,10.6
295,2021-10-23,39460.9,0.0,0.0,4.4,9.6
296,2021-10-24,38498.7,0.0,0.0,5.7,10.9
297,2021-10-25,17572.9,0.0,0.8,4.3,10.9
298,2021-10-26,22761.5,0.0,0.0,4.9,10.9
299,2021-10-27,21164.5,0.0,1.5999999999999999,3.1,13.8
300,2021-10-28,27932.3,0.0,0.0,7.7,12.6
301,2021-10-29,42569.0,0.0,0.39999999999999997,5.7,11.5
302,2021-10-30,43111.7,0.0,3.9,4.7,12.7
303,2021-10-31,38836.8,0.0,0.6,4.2,11.6
304,2021-11-01,21503.5,0.0,1.1,7.2,11.6
305,2021-11-02,20109.2,0.0,0.7,5.3,10.2
306,2021-11-03,20028.9,0.0,0.1,2.9,8.3
307,2021-11-04,24446.3,0.0,0.0,2.9,6.5
308,2021-11-05,26744.7,0.0,0.0,2.6,3.1
309,2021-11-06,32777.9,0.0,2.2,4.7,6.9
310,2021-11-07,36197.9,0.0,3.0,7.0,4.1
311,2021-11-08,1674.2,0.0,0.8,4.5,3.1
312,2021-11-09,25267.0,0.0,0.1,5.3,9.3
313,2021-11-10,22684.2,0.0,0.0,3.6,9.7
314,2021-11-11,21577.2,0.0,0.0,6.7,9.7
315,2021-11-12,37965.0,0.0,0.4,6.2,5.4
316,2021-11-13,44560.0,0.0,0.0,6.5,4.4
317,2021-11-14,31093.2,0.0,0.1,3.7,1.7
318,2021-11-15,18315.0,0.0,0.0,4.4,7.3
319,2021-11-16,15654.5,0.0,0.0,5.2,8.7
320,2021-11-17,22251.0,0.0,0.0,6.4,8.5
321,2021-11-18,23458.1,0.0,0.2,2.4,4.5
322,2021-11-19,36962.7,0.0,0.0,6.5,15.1
323,2021-11-20,40575.2,0.0,0.0,5.6,8.4
324,2021-11-21,33469.7,0.0,0.0,6.5,5.2
325,2021-11-22,14599.2,0.0,0.0,2.5,2.4
326,2021-11-23,16805.8,0.0,0.0,1.5,3.3
327,2021-11-24,19879.2,0.0,0.0,2.8,6.0
328,2021-11-25,22890.5,0.0,0.0,4.9,3.5
329,2021-11-26,41345.5,0.0,0.0,4.6,-0.5
330,2021-11-27,35340.3,0.0,0.0,7.0,-2.5
331,2021-11-28,33501.4,0.0,0.0,7.9,-1.6
332,2021-11-29,20592.3,0.0,0.1,3.6,-4.5
333,2021-11-30,16291.6,0.0,0.7,4.5,-3.9
334,2021-12-01,22618.0,0.0,0.0,3.1,-6.7
335,2021-12-02,26348.3,0.0,0.0,4.3,-4.2
336,2021-12-03,33582.9,0.0,1.0,5.0,-6.4
337,2021-12-04,32941.3,0.0,0.0,5.0,-5.3
338,2021-12-05,28509.7,0.0,0.0,6.4,-3.8
339,2021-12-06,14210.0,0.0,0.1,4.2,-8.6
340,2021-12-07,14993.6,0.0,0.30000000000000004,5.2,-7.7
341,2021-12-08,21215.2,0.0,1.3,6.2,-2.0
342,2021-12-09,23574.3,0.0,2.7,4.3,-0.1
343,2021-12-10,26324.4,0.0,1.6,5.9,0.3
344,2021-12-11,35210.6,0.0,0.2,5.3,1.8
345,2021-12-12,28196.3,0.0,3.1999999999999997,2.4,1.5
346,2021-12-13,14144.1,0.0,1.1,3.3,3.1
347,2021-12-14,19144.8,0.0,0.0,3.1,3.8
348,2021-12-15,17384.6,0.0,0.0,2.8,4.3
349,2021-12-16,21352.4,0.0,0.0,5.2,8.3
350,2021-12-17,25574.0,0.0,0.0,2.7,4.0
351,2021-12-18,22254.2,0.0,0.1,3.8,6.8
352,2021-12-19,25965.7,0.0,0.0,6.1,5.5
353,2021-12-20,23530.7,0.0,0.0,5.7,4.0
354,2021-12-21,17227.8,0.0,1.5,1.9,-1.9
355,2021-12-22,17374.8,0.0,0.5,1.7,-1.6
356,2021-12-23,0.0,0.0,0.0,3.1,-1.9
357,2021-12-24,0.0,0.0,0.0,6.3,-2.7
358,2021-12-25,0.0,0.0,0.0,5.3,-0.2
359,2021-12-26,0.0,0.0,0.0,2.1,-2.9
360,2021-12-27,21775.2,0.0,0.0,4.2,-5.0
361,2021-12-28,14929.0,0.0,0.0,5.1,-3.9
362,2021-12-29,14948.0,0.0,0.0,2.9,-3.7
363,2021-12-30,19333.5,0.0,0.30000000000000004,3.6,1.0
364,2021-12-31,0.0,0.0,0.0,3.1,0.4
365,2022-01-01,0.0,0.0,7.6,2.7,-0.1
366,2022-01-02,0.0,0.0,0.1,2.7,1.0
367,2022-01-03,0.0,0.0,0.30000000000000004,5.3,3.7
368,2022-01-04,0.0,0.0,0.0,3.1,0.3
369,2022-01-05,0.0,0.0,0.0,6.2,0.2
370,2022-01-06,0.0,0.0,0.0,5.3,-1.5
371,2022-01-07,0.0,0.0,3.9,6.8,-2.8
372,2022-01-08,0.0,0.0,0.5,6.1,-2.5
373,2022-01-09,0.0,0.0,0.0,6.3,-0.9
374,2022-01-10,0.0,0.0,0.1,5.7,-0.6
375,2022-01-11,0.0,0.0,3.3,5.2,2.7
376,2022-01-12,0.0,0.0,0.0,2.9,3.1
377,2022-01-13,0.0,0.0,0.0,7.6,12.3
378,2022-01-14,0.0,0.0,0.0,10.1,10.8
379,2022-01-15,0.0,0.0,0.0,2.4,0.5
380,2022-01-16,0.0,0.0,0.30000000000000004,9.0,6.1
381,2022-01-17,0.0,0.0,0.0,8.0,4.2
382,2022-01-18,0.0,0.0,0.0,2.4,-1.1
383,2022-01-19,0.0,0.0,0.8,10.5,4.9
384,2022-01-20,0.0,0.0,0.0,7.6,1.0
385,2022-01-21,0.0,0.0,0.0,2.1,1.7
386,2022-01-22,0.0,0.0,0.0,2.2,1.4
387,2022-01-23,0.0,0.0,0.0,2.1,0.5
388,2022-01-24,0.0,0.0,0.0,3.2,1.6
389,2022-01-25,0.0,0.0,0.0,2.8,4.6
390,2022-01-26,0.0,0.0,0.0,5.3,6.8
391,2022-01-27,0.0,0.0,0.0,8.1,6.5
392,2022-01-28,0.0,0.0,1.1,6.9,4.5
393,2022-01-29,0.0,0.0,0.0,10.4,8.7
394,2022-01-30,0.0,0.0,0.0,9.4,6.2
395,2022-01-31,0.0,0.0,0.0,3.7,-1.9
396,2022-02-01,18794.5,0.0,7.1000000000000005,4.2,-4.0
397,2022-02-02,15103.5,0.0,0.4,5.0,-2.9
398,2022-02-03,18287.5,0.0,4.1,3.7,-2.5
399,2022-02-04,26906.7,0.0,0.2,4.6,3.5
400,2022-02-05,32732.7,0.0,0.0,4.7,3.9
401,2022-02-06,27190.3,0.0,0.0,6.3,2.9
402,2022-02-07,14644.9,0.0,0.0,3.0,7.5
403,2022-02-08,15450.4,0.0,0.0,4.4,8.0
404,2022-02-09,17916.9,0.0,0.0,7.0,6.5
405,2022-02-10,16007.1,0.0,0.0,5.0,4.9
406,2022-02-11,31729.2,0.0,0.0,4.5,2.4
407,2022-02-12,28559.5,0.0,0.0,6.5,4.6
408,2022-02-13,31521.1,0.0,3.6,6.2,6.3
409,2022-02-14,19776.2,0.0,18.0,7.2,3.9
410,2022-02-15,17162.4,0.0,7.0,5.6,4.5
411,2022-02-16,20491.6,0.0,2.2,4.4,3.6
412,2022-02-17,20894.7,0.0,0.0,4.6,3.2
413,2022-02-18,28497.1,0.0,0.0,6.5,5.4
414,2022-02-19,23914.9,0.0,0.0,6.2,2.5
415,2022-02-20,32968.7,0.0,0.9,4.4,1.4
416,2022-02-21,16941.8,0.0,0.30000000000000004,6.6,1.7
417,2022-02-22,22151.9,0.0,2.7,4.9,0.4
418,2022-02-23,27965.0,0.0,0.2,7.6,5.2
419,2022-02-24,23634.7,0.0,2.1,7.0,5.6
420,2022-02-25,33094.1,0.0,0.0,4.9,5.9
421,2022-02-26,27779.3,0.0,0.0,4.7,3.8
422,2022-02-27,32502.4,0.0,0.0,5.7,6.1
423,2022-02-28,14098.7,0.0,0.0,5.4,3.8
424,2022-03-01,16737.9,152.0,0.0,5.7,8.1
425,2022-03-02,21348.7,156.0,0.0,5.1,10.7
426,2022-03-03,24733.9,143.0,0.0,2.9,6.5
427,2022-03-04,37189.5,219.0,0.0,3.9,5.1
428,2022-03-05,30086.7,283.0,0.0,2.6,4.4
429,2022-03-06,40508.9,176.0,0.0,3.2,8.0
430,2022-03-07,14454.9,121.0,0.0,2.4,8.1
431,2022-03-08,19284.6,169.0,0.0,2.0,4.4
432,2022-03-09,21650.6,0.0,0.0,2.2,-0.9
433,2022-03-10,27236.0,0.0,0.2,3.9,2.7
434,2022-03-11,32373.3,200.0,0.0,3.9,4.5
435,2022-03-12,30376.5,341.0,0.0,4.3,6.4
436,2022-03-13,34249.8,164.0,0.0,4.2,8.2
437,2022-03-14,24603.7,166.0,0.0,4.0,9.8
438,2022-03-15,19668.9,49.0,0.0,2.7,7.6
439,2022-03-16,22732.0,0.0,0.0,3.2,4.0
440,2022-03-17,21664.1,0.0,2.4,4.3,3.7
441,2022-03-18,26911.5,250.0,0.0,4.3,10.2
442,2022-03-19,34278.4,362.0,0.0,2.8,10.8
443,2022-03-20,29424.2,255.0,0.0,2.6,10.0
444,2022-03-21,15790.0,175.0,0.0,4.1,10.2
445,2022-03-22,23191.3,166.0,0.0,5.6,9.1
446,2022-03-23,18684.1,193.0,0.0,2.8,10.8
447,2022-03-24,19706.9,70.0,0.0,2.0,8.9
448,2022-03-25,37295.5,62.0,0.0,6.3,14.1
449,2022-03-26,45049.4,357.0,0.0,5.8,11.3
450,2022-03-27,29008.6,271.0,0.0,6.9,15.0
451,2022-03-28,14898.3,153.0,0.0,7.5,11.4
452,2022-03-29,19133.1,15.0,0.2,5.2,3.6
453,2022-03-30,19105.8,111.0,0.1,5.3,4.8
454,2022-03-31,22401.0,103.0,0.0,4.8,5.4
455,2022-04-01,34652.3,132.0,0.0,3.4,3.8
456,2022-04-02,22840.2,354.0,0.0,3.7,7.7
457,2022-04-03,33405.7,19.0,0.0,5.0,7.5
458,2022-04-04,25251.9,4.0,0.1,7.7,4.6
459,2022-04-05,18076.2,236.0,0.0,5.0,6.1
460,2022-04-06,21518.2,62.0,0.0,4.0,5.1
461,2022-04-07,20415.4,0.0,0.0,8.8,4.4
462,2022-04-08,29886.9,265.0,0.0,8.8,5.2
463,2022-04-09,30363.2,100.0,0.0,7.7,8.2
464,2022-04-10,33419.7,276.0,0.30000000000000004,6.0,12.1
465,2022-04-11,19180.3,210.0,0.1,4.8,10.1
466,2022-04-12,24491.9,92.0,0.0,3.9,10.0
467,2022-04-13,21042.4,0.0,3.4000000000000004,5.0,5.9
468,2022-04-14,17431.5,0.0,0.0,5.7,7.5
469,2022-04-15,15102.1,302.0,0.0,3.1,12.9
470,2022-04-16,14606.6,413.0,0.0,4.7,14.3
471,2022-04-17,22086.6,294.0,0.0,4.5,12.9
472,2022-04-18,32785.4,262.0,0.0,2.8,13.2
473,2022-04-19,20174.9,264.0,0.0,2.8,17.4
474,2022-04-20,34055.3,265.0,0.0,3.9,19.2
475,2022-04-21,24660.9,215.0,0.0,4.4,18.4
476,2022-04-22,33802.2,328.0,0.0,6.1,19.4
477,2022-04-23,38756.5,287.0,0.0,6.5,13.3
478,2022-04-24,43413.1,336.0,0.0,6.4,12.3
479,2022-04-25,8300.0,150.0,0.0,7.2,16.6
480,2022-04-26,23891.4,162.0,0.0,7.0,11.0
481,2022-04-27,25167.2,282.0,0.0,5.5,9.4
482,2022-04-28,29079.0,148.0,0.0,4.7,12.6
483,2022-04-29,41342.7,124.0,0.0,4.6,12.2
484,2022-04-30,39713.9,40.0,0.0,5.4,12.0
485,2022-05-01,39666.8,300.0,0.0,4.0,14.7
486,2022-05-02,22052.7,189.0,0.0,5.8,14.2
487,2022-05-03,25737.6,255.0,0.0,5.6,12.6
488,2022-05-04,23401.3,21.0,0.0,5.2,13.1
489,2022-05-05,24648.0,297.0,0.0,5.2,18.1
490,2022-05-06,46332.6,125.0,0.9,4.8,17.7
491,2022-05-07,37217.3,442.0,0.0,5.6,15.3
492,2022-05-08,37547.4,340.0,0.0,3.8,13.9
493,2022-05-09,18036.4,154.0,0.0,6.6,15.5
494,2022-05-10,20948.6,0.0,1.4000000000000001,7.0,11.4
495,2022-05-11,22680.1,40.0,0.4,6.7,12.7
496,2022-05-12,29642.2,281.0,0.0,7.9,15.3
497,2022-05-13,49118.6,36.0,1.2,5.6,13.5
498,2022-05-14,21440.6,416.0,0.0,6.2,16.1
499,2022-05-15,41298.4,60.0,0.0,6.7,16.5
500,2022-05-16,31529.2,321.0,0.0,6.1,17.0
501,2022-05-17,0.0,322.0,0.0,4.9,17.7
502,2022-05-18,35417.7,3.0,1.8,5.0,15.7
503,2022-05-19,19539.1,51.0,0.0,2.7,16.1
504,2022-05-20,38000.6,177.0,3.6,5.9,19.0
505,2022-05-21,44377.4,12.0,1.9,3.9,12.0
506,2022-05-22,31200.1,240.0,0.0,3.4,16.3
507,2022-05-23,20835.6,184.0,0.0,5.8,16.8
508,2022-05-24,16377.2,0.0,6.5,5.6,16.5
509,2022-05-25,37275.0,162.0,0.1,7.2,15.4
510,2022-05-26,55279.5,273.0,2.8,6.1,18.0
511,2022-05-27,34264.2,0.0,0.5,6.8,13.4
512,2022-05-28,32499.9,264.0,0.0,7.9,16.9
513,2022-05-29,29591.7,0.0,0.2,5.0,13.0
514,2022-05-30,28541.8,14.0,7.0,4.4,15.2
515,2022-05-31,28741.2,68.0,0.0,5.6,17.7
516,2022-06-01,35620.9,0.0,0.4,4.7,14.9
517,2022-06-02,24014.4,143.0,0.2,3.7,15.1
518,2022-06-03,36084.5,68.0,5.3,5.6,17.6
519,2022-06-04,33786.0,418.0,0.0,5.0,20.2
520,2022-06-05,30268.7,275.0,0.4,3.0,22.3
521,2022-06-06,40946.5,344.0,0.0,4.4,24.1
522,2022-06-07,20135.4,78.0,1.7999999999999998,4.4,19.9
523,2022-06-08,27025.6,153.0,10.9,3.1,18.2
524,2022-06-09,39660.8,29.0,0.0,2.6,17.6
525,2022-06-10,26384.5,215.0,0.0,5.7,19.2
526,2022-06-11,67662.9,70.0,9.3,7.5,18.7
527,2022-06-12,52630.5,234.0,0.0,6.3,18.6
528,2022-06-13,25734.9,102.0,1.1,4.4,19.0
529,2022-06-14,27428.5,163.0,0.0,3.8,21.8
530,2022-06-15,28467.7,0.0,0.0,3.9,21.8
531,2022-06-16,26025.3,60.0,3.8000000000000003,4.2,22.4
532,2022-06-17,44593.7,0.0,7.6,6.2,21.0
533,2022-06-18,33456.3,424.0,0.1,6.5,19.9
534,2022-06-19,35717.8,136.0,0.0,4.8,18.1
535,2022-06-20,24949.6,347.0,0.0,4.4,22.9
536,2022-06-21,26057.6,104.0,0.2,3.4,19.7
537,2022-06-22,23805.4,103.0,0.0,5.0,21.2
538,2022-06-23,22995.2,243.0,0.0,5.4,24.7
539,2022-06-24,29667.0,406.0,0.0,3.4,26.1
540,2022-06-25,32861.7,238.0,0.0,4.2,27.1
541,2022-06-26,41219.2,0.0,10.5,3.2,24.1
542,2022-06-27,28522.1,22.0,20.1,3.3,21.7
543,2022-06-28,32846.7,352.0,3.6,5.2,22.6
544,2022-06-29,31425.9,352.0,0.30000000000000004,4.2,23.3
545,2022-06-30,25067.8,351.0,0.2,3.0,26.6
546,2022-07-01,37188.3,287.0,14.4,3.9,25.1
547,2022-07-02,30540.7,301.0,0.5,6.8,21.8
548,2022-07-03,39802.7,120.0,3.4,6.5,18.5
549,2022-07-04,24802.4,111.0,0.8,6.5,19.3
550,2022-07-05,20056.9,280.0,0.1,5.6,19.7
551,2022-07-06,28939.7,10.0,7.2,6.6,20.2
552,2022-07-07,36775.0,210.0,3.2,6.4,23.1
553,2022-07-08,34629.5,209.0,0.0,6.0,23.0
554,2022-07-09,27566.4,302.0,0.0,6.4,20.6
555,2022-07-10,28163.2,305.0,0.1,5.6,21.6
556,2022-07-11,22284.3,301.0,0.0,3.9,22.8
557,2022-07-12,26763.5,49.0,0.0,4.5,21.9
558,2022-07-13,22080.6,394.0,2.2,6.5,22.0
559,2022-07-14,24708.3,53.0,0.0,4.7,18.7
560,2022-07-15,26765.5,323.0,0.5,5.6,19.5
561,2022-07-16,27968.7,233.0,0.0,4.4,21.7
562,2022-07-17,30592.1,196.0,0.1,4.4,20.4
563,2022-07-18,23401.3,196.0,0.0,3.7,22.4
564,2022-07-19,16655.7,373.0,0.0,3.4,25.1
565,2022-07-20,17803.8,446.0,0.0,5.9,26.9
566,2022-07-21,26759.3,157.0,0.0,2.9,25.8
567,2022-07-22,29610.5,58.0,0.4,8.2,20.9
568,2022-07-23,20736.1,396.0,0.0,3.9,21.2
569,2022-07-24,48206.5,1.0,0.6,4.9,18.4
570,2022-07-25,27740.1,0.0,0.6,5.7,17.5
571,2022-07-26,29563.6,134.0,0.0,4.9,21.5
572,2022-07-27,27383.8,545.0,0.0,5.2,22.1
573,2022-07-28,24949.3,175.0,0.5,5.3,21.8
574,2022-07-29,24051.6,382.0,0.0,4.6,24.0
575,2022-07-30,32677.3,365.0,0.0,6.0,22.7
576,2022-07-31,38137.7,13.0,4.3,5.0,21.4
577,2022-08-01,27528.9,237.0,5.9,4.0,20.6
578,2022-08-02,26006.2,0.0,14.700000000000001,4.4,16.4
579,2022-08-03,30764.1,105.0,0.3,7.5,20.9
580,2022-08-04,31507.6,0.0,1.7000000000000002,6.1,19.7
581,2022-08-05,27369.1,285.0,0.0,5.1,21.3
582,2022-08-06,31377.5,363.0,0.0,4.6,20.7
583,2022-08-07,35549.9,92.0,0.0,4.1,19.5
584,2022-08-08,25190.6,303.0,0.0,4.1,22.3
585,2022-08-09,19413.5,19.0,0.0,5.0,19.7
586,2022-08-10,32879.4,276.0,0.0,4.8,25.3
587,2022-08-11,32792.9,298.0,0.0,4.9,26.7
588,2022-08-12,44469.1,315.0,0.1,3.2,26.9
589,2022-08-13,30824.6,473.0,0.0,4.2,25.6
590,2022-08-14,51205.8,150.0,0.0,4.3,27.5
591,2022-08-15,42906.3,33.0,10.6,4.0,27.2
592,2022-08-16,47478.7,0.0,18.1,4.7,22.8
593,2022-08-17,32165.8,136.0,0.0,6.3,24.2
594,2022-08-18,43149.4,0.0,1.7999999999999998,5.1,20.2
595,2022-08-19,40336.1,195.0,0.0,2.6,22.6
596,2022-08-20,40962.5,434.0,0.0,4.9,22.4
597,2022-08-21,59893.9,173.0,2.6,5.9,18.6
598,2022-08-22,40980.5,192.0,0.0,3.3,20.0
599,2022-08-23,24154.6,266.0,0.0,2.9,20.9
600,2022-08-24,30210.1,29.0,0.0,3.1,21.8
601,2022-08-25,48993.5,233.0,0.0,3.5,25.1
602,2022-08-26,70036.4,0.0,2.4,3.9,20.7
603,2022-08-27,78463.8,337.0,0.0,2.9,23.2
604,2022-08-28,41395.5,194.0,0.0,4.6,20.2
605,2022-08-29,15903.8,252.0,0.0,6.3,19.6
606,2022-08-30,17781.8,220.0,0.0,4.7,17.1
607,2022-08-31,27010.3,242.0,0.0,3.8,19.9
608,2022-09-01,31616.3,245.0,0.0,3.8,18.9
609,2022-09-02,32338.0,15.0,2.1,2.5,16.3
610,2022-09-03,46449.3,58.0,0.5,4.0,14.4
611,2022-09-04,32522.1,57.0,0.0,3.3,13.5
612,2022-09-05,20231.9,217.0,0.1,2.9,19.6
613,2022-09-06,23511.2,229.0,0.0,3.7,20.5
614,2022-09-07,22287.0,144.0,0.0,3.0,20.3
615,2022-09-08,24326.3,0.0,0.0,4.4,15.2
616,2022-09-09,43941.9,74.0,0.0,5.7,15.6
617,2022-09-10,33787.5,0.0,0.0,4.9,14.1
618,2022-09-11,43292.6,258.0,0.0,2.7,17.4
619,2022-09-12,16760.2,0.0,14.799999999999999,6.2,15.9
620,2022-09-13,21537.5,67.0,4.7,5.7,14.5
621,2022-09-14,28021.6,95.0,0.4,4.9,17.0
622,2022-09-15,27598.9,84.0,0.1,4.0,17.5
623,2022-09-16,34858.9,37.0,0.0,7.1,16.0
624,2022-09-17,26485.0,182.0,0.0,5.3,17.1
625,2022-09-18,28357.2,152.0,0.0,5.4,16.2
626,2022-09-19,17896.5,129.0,0.0,7.5,15.6
627,2022-09-20,29016.9,185.0,0.0,4.3,14.9
628,2022-09-21,27874.7,182.0,0.0,2.5,15.2
629,2022-09-22,35348.6,0.0,0.0,3.7,13.7
630,2022-09-23,39514.5,0.0,12.8,5.2,13.0
631,2022-09-24,29812.6,192.0,0.0,3.7,13.8
632,2022-09-25,36886.1,92.0,0.0,4.4,14.1
633,2022-09-26,12677.2,0.0,7.5,4.3,11.0
634,2022-09-27,66816.4,0.0,0.8999999999999999,5.7,12.0
635,2022-09-28,22876.4,41.0,0.0,5.8,14.0
636,2022-09-29,22418.6,6.0,0.0,6.3,11.7
637,2022-09-30,35811.3,77.0,0.1,2.6,12.7
638,2022-10-01,46813.4,0.0,2.9,3.8,11.3
639,2022-10-02,30528.0,0.0,0.1,3.4,12.5
640,2022-10-03,15991.8,0.0,0.1,3.6,16.5
641,2022-10-04,19692.3,0.0,0.2,4.7,13.4
642,2022-10-05,28548.7,0.0,5.6,6.4,14.1
643,2022-10-06,23181.8,0.0,0.0,9.1,15.0
644,2022-10-07,29143.6,0.0,0.0,7.4,14.4
645,2022-10-08,22446.2,0.0,0.0,4.5,13.7
646,2022-10-09,23113.5,0.0,0.0,5.3,13.3
647,2022-10-10,28021.7,0.0,1.3,6.7,12.9
648,2022-10-11,18551.7,0.0,0.0,6.5,12.7
649,2022-10-12,35824.3,0.0,0.30000000000000004,4.0,11.5
650,2022-10-13,48107.2,0.0,8.8,5.1,11.0
651,2022-10-14,41809.4,0.0,0.5,5.1,10.8
652,2022-10-15,31347.4,0.0,8.1,6.5,13.0
653,2022-10-16,29207.0,0.0,7.2,4.0,8.7
654,2022-10-17,20002.9,0.0,1.6,4.1,7.3
655,2022-10-18,12590.2,0.0,0.0,4.1,10.5
656,2022-10-19,17446.5,0.0,0.0,3.8,8.3
657,2022-10-20,33369.3,0.0,0.0,2.7,5.4
658,2022-10-21,25982.4,0.0,0.0,4.8,5.2
659,2022-10-22,32857.3,0.0,0.0,4.1,7.4
660,2022-10-23,27704.6,0.0,0.1,3.8,5.0
661,2022-10-24,13044.8,0.0,8.5,6.4,8.1
662,2022-10-25,25996.4,0.0,1.8,6.0,10.0
663,2022-10-26,21327.0,0.0,0.7000000000000001,2.8,6.8
664,2022-10-27,28255.3,0.0,0.6,2.4,11.8
665,2022-10-28,41364.2,0.0,8.3,3.2,11.7
666,2022-10-29,31677.5,0.0,0.0,5.1,13.8
667,2022-10-30,31512.5,0.0,0.8,3.2,8.2
668,2022-10-31,23912.0,0.0,0.39999999999999997,2.0,12.7
669,2022-11-01,31787.4,0.0,5.699999999999999,5.3,11.7
670,2022-11-02,16852.8,0.0,2.5,4.8,11.7
671,2022-11-03,16867.9,0.0,3.8,5.5,10.8
672,2022-11-04,36904.5,0.0,5.7,4.4,9.9
673,2022-11-05,53949.8,0.0,1.7999999999999998,4.4,9.9
674,2022-11-06,23657.5,0.0,0.4,3.3,9.3
675,2022-11-07,18468.0,0.0,4.4,5.8,8.6
676,2022-11-08,23916.7,0.0,4.0,3.5,9.4
677,2022-11-09,21902.5,0.0,0.0,3.2,11.1
678,2022-11-10,27159.1,0.0,1.6,5.7,11.8
679,2022-11-11,46823.8,0.0,0.0,6.3,14.1
680,2022-11-12,38897.9,0.0,0.0,5.5,15.0
681,2022-11-13,31672.1,0.0,0.0,2.8,7.6
682,2022-11-14,24627.5,0.0,0.0,4.0,7.8
683,2022-11-15,45877.6,0.0,0.0,6.2,4.9
684,2022-11-16,30431.9,0.0,0.1,6.5,3.7
685,2022-11-17,38096.1,0.0,0.0,5.4,1.6
686,2022-11-18,43286.5,0.0,0.0,7.6,1.0
687,2022-11-19,56559.4,0.0,0.0,7.6,0.7
688,2022-11-20,45755.5,0.0,0.30000000000000004,8.4,-0.6
689,2022-11-21,17836.8,0.0,0.6000000000000001,9.5,0.2
690,2022-11-22,37618.7,0.0,0.5,6.8,0.7
691,2022-11-23,24281.7,0.0,1.7,5.2,1.6
692,2022-11-24,28900.6,0.0,1.7,5.2,2.3
693,2022-11-25,35968.6,0.0,0.7000000000000001,5.0,3.2
694,2022-11-26,42423.5,0.0,1.6,3.8,3.5
695,2022-11-27,39542.8,0.0,2.7,4.4,5.4
696,2022-11-28,23384.0,0.0,0.4,6.1,4.6
697,2022-11-29,26288.5,0.0,0.0,4.5,3.6
698,2022-11-30,24554.6,0.0,0.0,3.1,2.6
699,2022-12-01,27390.9,0.0,0.0,3.9,1.6
700,2022-12-02,42956.6,0.0,0.0,5.1,2.0
701,2022-12-03,46575.6,0.0,0.0,4.8,1.8
702,2022-12-04,34242.9,0.0,0.0,3.2,-0.7
703,2022-12-05,19094.6,0.0,0.0,3.9,-2.4
704,2022-12-06,22713.8,0.0,0.1,4.4,-1.0
705,2022-12-07,25872.0,0.0,0.0,4.3,-1.5
706,2022-12-08,19105.1,0.0,0.4,6.8,-4.5
707,2022-12-09,35472.6,0.0,0.0,5.7,-4.2
708,2022-12-10,39366.6,0.0,0.0,4.6,-5.0
709,2022-12-11,37497.7,0.0,0.1,4.7,-7.4
710,2022-12-12,16816.4,0.0,0.0,6.4,-6.0
711,2022-12-13,12714.0,0.0,3.6,5.4,-7.5
712,2022-12-14,28865.0,0.0,0.6,3.2,-8.4
713,2022-12-15,37608.3,0.0,0.0,2.7,-8.0
714,2022-12-16,40112.3,0.0,1.2,2.0,-6.3
715,2022-12-17,49413.7,0.0,2.1999999999999997,3.4,-3.0
716,2022-12-18,35530.1,0.0,0.2,3.0,1.3
717,2022-12-19,30462.4,0.0,2.9000000000000004,2.7,-0.8
718,2022-12-20,24393.3,0.0,7.4,2.9,1.5
719,2022-12-21,32076.4,0.0,8.1,2.6,1.7
720,2022-12-22,29895.8,0.0,4.8,4.0,1.9
721,2022-12-23,19468.8,0.0,0.0,3.1,-0.8
722,2022-12-24,0.0,0.0,0.0,2.5,-9.8
723,2022-12-25,0.0,0.0,2.3,3.7,0.8
724,2022-12-26,0.0,0.0,17.1,5.7,3.8
725,2022-12-27,21618.3,0.0,0.0,3.6,1.7
726,2022-12-28,24742.1,0.0,0.30000000000000004,6.4,-3.1
727,2022-12-29,23658.9,0.0,6.5,6.5,3.1
728,2022-12-30,30923.4,0.0,4.9,6.7,4.6
729,2022-12-31,0.0,0.0,2.2,7.2,6.3
730,2023-01-01,38684.7,0.0,0.1,5.2,-1.1
731,2023-01-02,16656.2,0.0,0.4,4.4,-3.0
732,2023-01-03,20909.7,0.0,0.0,3.5,-5.6
733,2023-01-04,23136.5,0.0,15.7,10.3,-2.7
734,2023-01-05,26129.2,0.0,1.8,10.1,-2.7
735,2023-01-06,25107.9,0.0,5.3,5.5,-3.0
736,2023-01-07,37482.2,0.0,4.9,3.8,2.4
737,2023-01-08,35708.2,0.0,6.5,4.4,5.5
738,2023-01-09,21464.0,0.0,6.3999999999999995,3.6,4.2
739,2023-01-10,23875.3,0.0,0.9,3.0,2.6
740,2023-01-11,33277.3,0.0,0.8999999999999999,5.8,5.0
741,2023-01-12,33381.6,0.0,0.7000000000000001,4.6,4.0
742,2023-01-13,40652.6,0.0,4.1,5.2,3.8
743,2023-01-14,44150.2,0.0,2.4,4.7,2.2
744,2023-01-15,39744.6,0.0,4.5,5.2,1.1
745,2023-01-16,16729.5,0.0,0.2,4.0,1.1
746,2023-01-17,21496.0,0.0,2.5,5.9,1.7
747,2023-01-18,24212.1,0.0,2.1,4.9,1.1
748,2023-01-19,22328.7,0.0,0.7,2.4,0.2
749,2023-01-20,65038.3,0.0,0.0,3.5,-1.1
750,2023-01-21,53649.7,0.0,0.0,2.5,-7.1
751,2023-01-22,31459.5,0.0,0.2,3.3,-5.7
752,2023-01-23,19332.8,0.0,0.1,3.3,-0.5
753,2023-01-24,25533.3,0.0,0.0,2.9,2.0
754,2023-01-25,31713.5,0.0,0.0,3.0,4.6
755,2023-01-26,21087.8,0.0,0.0,3.7,4.7
756,2023-01-27,33461.3,0.0,0.0,1.6,-0.6
757,2023-01-28,48632.6,0.0,0.0,2.6,-0.7
758,2023-01-29,33475.8,0.0,0.0,4.3,4.4
759,2023-01-30,13208.9,0.0,0.0,5.9,6.9
760,2023-01-31,19953.4,0.0,0.4,2.5,0.7
761,2023-02-01,21185.1,0.0,0.0,3.9,-1.2
762,2023-02-02,19776.9,0.0,0.0,2.5,-0.6
763,2023-02-03,30467.0,0.0,0.2,6.5,-1.9
764,2023-02-04,53244.5,0.0,0.0,3.0,-1.3
765,2023-02-05,30972.2,0.0,0.4,3.2,0.4
766,2023-02-06,16370.4,0.0,0.0,1.9,-1.3
767,2023-02-07,21008.9,0.0,0.0,1.6,-0.2
768,2023-02-08,27162.4,0.0,0.0,7.9,4.2
769,2023-02-09,24880.9,0.0,0.1,8.3,5.9
770,2023-02-10,38452.6,0.0,0.2,8.3,1.2
771,2023-02-11,37805.1,0.0,0.0,6.0,9.0
772,2023-02-12,31042.9,0.0,0.0,2.8,5.5
773,2023-02-13,13960.2,0.0,0.0,3.4,9.9
774,2023-02-14,36265.3,0.0,0.0,2.1,1.1
775,2023-02-15,25227.6,0.0,0.0,3.0,2.1
776,2023-02-16,35478.5,0.0,0.1,4.8,4.1
777,2023-02-17,37220.5,0.0,9.7,6.9,4.6
778,2023-02-18,38277.4,0.0,0.0,5.3,6.0
779,2023-02-19,26045.5,0.0,0.1,2.6,3.4
780,2023-02-20,15927.5,0.0,3.9,6.2,8.7
781,2023-02-21,16768.3,0.0,0.0,6.6,6.6
782,2023-02-22,20609.0,0.0,5.3,4.1,1.5
783,2023-02-23,22295.9,0.0,1.2000000000000002,3.2,4.3
784,2023-02-24,35891.8,0.0,2.8,6.9,2.6
785,2023-02-25,30799.8,0.0,0.0,7.1,3.4
786,2023-02-26,29740.9,0.0,0.0,5.3,5.5
787,2023-02-27,14219.1,0.0,0.0,2.3,9.2
788,2023-02-28,18075.7,0.0,0.0,4.4,8.7
789,2023-03-01,14276.4,152.0,0.0,3.8,8.5
790,2023-03-02,20511.5,110.0,0.0,3.3,6.6
791,2023-03-03,27498.9,188.0,0.0,8.2,7.7
792,2023-03-04,21152.8,251.0,0.0,6.3,2.9
793,2023-03-05,20792.3,222.0,0.0,7.0,3.9
794,2023-03-06,12596.5,164.0,0.0,4.2,1.4
795,2023-03-07,12380.8,68.0,0.0,4.6,-1.7
796,2023-03-08,19670.7,134.0,0.9,4.1,0.6
797,2023-03-09,16680.4,159.0,0.2,4.9,-1.3
798,2023-03-10,39542.8,146.0,0.0,3.3,-0.6
799,2023-03-11,34013.8,294.0,0.0,4.6,0.8
800,2023-03-12,24319.0,69.0,0.0,4.4,1.5
801,2023-03-13,11328.3,0.0,11.6,6.6,-0.4
802,2023-03-14,11877.2,159.0,0.0,3.6,4.3
803,2023-03-15,21690.3,183.0,0.0,5.2,6.0
804,2023-03-16,18593.6,0.0,1.0,5.2,3.3
805,2023-03-17,30604.9,0.0,8.200000000000001,4.5,3.0
806,2023-03-18,21585.4,153.0,0.0,2.9,7.5
807,2023-03-19,24889.9,0.0,0.4,2.8,4.1
808,2023-03-20,18105.5,83.0,0.0,5.3,7.0
809,2023-03-21,18079.2,0.0,4.5,3.5,2.9
810,2023-03-22,24137.8,0.0,7.4,3.7,5.1
811,2023-03-23,16586.9,0.0,5.1,3.8,5.3
812,2023-03-24,36265.5,0.0,2.2,4.0,5.1
813,2023-03-25,36548.9,2.0,1.0,6.0,3.2
814,2023-03-26,29472.8,266.0,0.2,4.9,1.9
815,2023-03-27,10522.8,190.0,0.0,5.9,1.6
816,2023-03-28,14305.3,46.0,3.6,3.6,1.9
817,2023-03-29,17657.3,167.0,3.9,6.9,2.3
818,2023-03-30,26663.2,0.0,0.0,4.6,0.7
819,2023-03-31,27402.1,271.0,0.0,6.2,5.4
820,2023-04-01,27563.3,406.0,0.0,4.7,7.0
821,2023-04-02,27664.0,288.0,0.0,2.5,8.6
822,2023-04-03,22372.5,177.0,0.0,3.3,7.0
823,2023-04-04,14155.9,177.0,0.0,3.7,10.1
824,2023-04-05,18153.5,219.0,0.0,4.4,10.6
825,2023-04-06,9454.8,0.0,1.3,4.7,2.8
826,2023-04-07,16204.9,284.0,0.0,3.7,8.1
827,2023-04-08,11450.2,356.0,0.0,3.4,12.3
828,2023-04-09,18576.7,65.0,0.0,4.0,11.2
829,2023-04-10,27484.0,0.0,0.1,3.4,8.2
830,2023-04-11,13062.5,0.0,4.300000000000001,5.2,7.2
831,2023-04-12,22426.2,36.0,0.1,5.0,10.4
832,2023-04-13,37064.3,9.0,0.1,6.1,9.4
833,2023-04-14,37249.7,0.0,14.1,5.8,8.3
834,2023-04-15,29076.0,0.0,3.1999999999999997,5.6,6.6
835,2023-04-16,29038.3,0.0,0.0,4.1,10.0
836,2023-04-17,21279.7,226.0,0.0,5.0,14.4
837,2023-04-18,21341.1,262.0,0.0,4.4,15.8
838,2023-04-19,31425.9,263.0,0.0,4.5,16.9
839,2023-04-20,49837.9,265.0,0.0,3.6,18.7
840,2023-04-21,44060.8,327.0,0.0,3.5,18.5
841,2023-04-22,60408.7,329.0,0.0,4.4,19.0
842,2023-04-23,27832.7,0.0,0.0,5.4,8.9
843,2023-04-24,16279.4,0.0,13.6,9.1,4.5
844,2023-04-25,19414.3,0.0,6.6,8.3,3.5
845,2023-04-26,16988.7,126.0,0.2,5.7,6.1
846,2023-04-27,24769.1,264.0,0.0,6.2,10.4
847,2023-04-28,42223.7,195.0,0.0,3.7,10.4
848,2023-04-29,35472.8,347.0,0.7,6.9,9.0
849,2023-04-30,32622.0,221.0,0.0,5.9,10.5
850,2023-05-01,38826.6,60.0,0.6,4.1,6.9
851,2023-05-02,23792.3,130.0,0.0,6.5,12.1
852,2023-05-03,24359.7,70.0,0.0,5.7,11.2
853,2023-05-04,38203.2,185.0,0.0,6.1,9.3
854,2023-05-05,42237.2,360.0,0.0,5.1,12.4
855,2023-05-06,43689.3,482.0,0.0,4.3,12.6
856,2023-05-07,48910.1,364.0,0.0,4.5,14.4
857,2023-05-08,27529.6,211.0,0.0,6.6,14.7
858,2023-05-09,23727.2,137.0,0.0,7.0,14.5
859,2023-05-10,28305.8,280.0,0.0,6.4,18.9
860,2023-05-11,28092.6,0.0,0.0,4.4,14.9
861,2023-05-12,40481.7,183.0,0.0,3.9,21.2
862,2023-05-13,35306.2,421.0,0.0,4.9,21.2
863,2023-05-14,41055.8,297.0,0.0,5.9,22.1
864,2023-05-15,28684.7,75.0,0.30000000000000004,5.1,20.8
865,2023-05-16,20053.8,250.0,2.6999999999999997,6.9,17.0
866,2023-05-17,0.0,300.0,0.0,5.9,15.1
867,2023-05-18,53313.0,303.0,0.0,4.2,15.8
868,2023-05-19,28261.2,374.0,0.0,4.7,15.5
869,2023-05-20,33165.6,500.0,0.0,3.5,20.5
870,2023-05-21,35450.9,365.0,0.0,2.7,22.9
871,2023-05-22,20339.6,142.0,0.2,3.4,23.3
872,2023-05-23,21917.6,77.0,3.3000000000000003,6.1,17.1
873,2023-05-24,36151.8,168.0,0.0,5.5,19.4
874,2023-05-25,34159.5,279.0,0.0,8.5,16.7
875,2023-05-26,39042.6,385.0,0.0,5.1,17.1
876,2023-05-27,32731.9,136.0,0.7999999999999999,5.4,18.4
877,2023-05-28,35373.7,271.0,0.0,6.7,17.0
878,2023-05-29,49129.9,278.0,0.0,4.3,16.2
879,2023-05-30,30634.8,307.0,0.0,5.5,20.4
880,2023-05-31,27895.2,316.0,0.0,5.8,22.3
881,2023-06-01,36104.7,338.0,0.0,6.0,16.6
882,2023-06-02,46928.9,378.0,0.0,5.0,17.7
883,2023-06-03,29414.2,429.0,0.0,4.1,19.9
884,2023-06-04,37742.4,399.0,0.0,4.9,21.9
885,2023-06-05,26309.1,342.0,0.0,4.3,22.6
886,2023-06-06,31513.8,343.0,0.0,4.2,23.4
887,2023-06-07,29927.4,344.0,0.0,5.4,23.7
888,2023-06-08,28989.9,345.0,0.0,7.7,21.2
889,2023-06-09,33544.0,406.0,0.0,4.7,22.1
890,2023-06-10,27409.0,526.0,0.0,3.8,22.7
891,2023-06-11,50276.4,402.0,0.0,5.0,22.6
892,2023-06-12,21250.5,219.0,0.0,4.9,24.4
893,2023-06-13,25396.5,295.0,0.0,3.1,26.8
894,2023-06-14,30074.0,212.0,0.0,3.7,28.3
895,2023-06-15,51202.0,112.0,0.0,3.5,30.3
896,2023-06-16,29704.3,162.0,0.0,5.2,29.4
897,2023-06-17,40862.2,475.0,0.0,3.0,30.0
898,2023-06-18,35549.4,0.0,0.0,6.1,22.7
899,2023-06-19,32673.6,83.0,0.0,4.3,22.9
900,2023-06-20,42921.0,189.0,0.5,3.5,21.2
901,2023-06-21,38057.1,2.0,15.2,3.6,22.9
902,2023-06-22,36995.5,352.0,0.1,6.3,25.1
903,2023-06-23,54773.7,367.0,0.0,3.9,25.5
904,2023-06-24,26185.7,532.0,0.0,5.3,25.1
905,2023-06-25,47117.9,412.0,0.0,3.6,26.2
906,2023-06-26,22421.1,10.0,10.6,4.8,26.8
907,2023-06-27,36797.9,256.0,0.1,2.9,24.7
908,2023-06-28,31652.4,307.0,0.0,5.2,26.9
909,2023-06-29,36952.3,0.0,0.8,4.9,24.2
910,2023-06-30,63552.9,295.0,2.0,3.9,23.7
911,2023-07-01,40927.7,523.0,0.0,4.5,21.1
912,2023-07-02,57399.6,133.0,19.5,4.4,16.7
913,2023-07-03,25007.2,84.0,1.9000000000000001,4.7,19.9
914,2023-07-04,28063.7,32.0,0.4,3.2,17.8
915,2023-07-05,39286.3,139.0,0.39999999999999997,4.7,19.5
916,2023-07-06,32096.7,178.0,9.5,4.4,17.2
917,2023-07-07,40498.9,90.0,5.5,4.8,22.5
918,2023-07-08,28186.6,372.0,0.0,3.4,24.7
919,2023-07-09,47577.3,358.0,0.0,4.5,27.5
920,2023-07-10,29803.9,0.0,0.1,4.6,26.5
921,2023-07-11,30878.1,17.0,15.7,6.8,18.3
922,2023-07-12,54856.9,0.0,17.599999999999998,4.0,17.0
923,2023-07-13,32392.5,258.0,4.6,6.1,20.8
924,2023-07-14,37257.8,553.0,0.0,5.5,21.2
925,2023-07-15,33481.2,0.0,7.7,4.2,16.4
926,2023-07-16,39273.5,12.0,11.7,7.8,17.4
927,2023-07-17,29249.2,151.0,0.7,6.4,18.7
928,2023-07-18,26063.9,372.0,1.1,4.7,20.9
929,2023-07-19,29648.6,228.0,0.7,5.0,18.9
930,2023-07-20,29535.4,318.0,1.2999999999999998,5.3,20.2
931,2023-07-21,45297.5,207.0,0.2,5.7,18.0
932,2023-07-22,49392.1,137.0,3.3,3.5,16.1
933,2023-07-23,58774.5,417.0,0.4,4.7,21.0
934,2023-07-24,42699.3,0.0,20.4,7.0,17.8
935,2023-07-25,53007.7,231.0,1.1,5.0,19.8
936,2023-07-26,40417.9,299.0,0.5,5.2,18.2
937,2023-07-27,42173.6,477.0,0.0,3.9,20.1
938,2023-07-28,44557.8,324.0,0.0,4.2,20.8
939,2023-07-29,36773.4,464.0,0.0,4.1,21.6
940,2023-07-30,50075.5,137.0,3.1,4.7,20.3
941,2023-07-31,38301.9,137.0,2.6999999999999997,3.3,18.7
942,2023-08-01,41481.1,107.0,0.30000000000000004,3.7,21.1
943,2023-08-02,47045.4,77.0,18.5,3.1,21.3
944,2023-08-03,46340.0,156.0,0.4,3.6,22.9
945,2023-08-04,47168.6,9.0,0.2,4.2,19.3
946,2023-08-05,45538.3,137.0,3.6000000000000005,3.4,20.6
947,2023-08-06,45753.6,0.0,2.6,3.7,18.0
948,2023-08-07,30212.6,4.0,43.1,7.5,17.6
949,2023-08-08,27417.3,0.0,2.9,3.3,18.3
950,2023-08-09,34866.9,43.0,0.9,4.2,15.6
951,2023-08-10,45050.0,75.0,0.0,2.9,18.5
952,2023-08-11,38740.8,208.0,0.39999999999999997,5.2,20.7
953,2023-08-12,40830.1,283.0,0.1,4.7,22.2
954,2023-08-13,43182.9,79.0,0.1,4.7,19.6
955,2023-08-14,50055.5,0.0,5.1,5.6,19.5
956,2023-08-15,49633.4,4.0,4.8,3.3,18.4
957,2023-08-16,44630.5,175.0,0.3,4.3,22.8
958,2023-08-17,52451.6,243.0,0.0,6.3,22.8
959,2023-08-18,69574.0,302.0,0.7,4.6,21.1
960,2023-08-19,56379.9,0.0,4.3,4.7,18.9
961,2023-08-20,39385.6,0.0,3.6,4.0,20.3
962,2023-08-21,30349.2,247.0,0.0,5.7,23.6
963,2023-08-22,27840.1,219.0,0.0,4.1,21.9
964,2023-08-23,37408.7,117.0,5.8,4.7,21.6
965,2023-08-24,30622.6,108.0,0.0,2.7,20.4
966,2023-08-25,62685.1,0.0,1.4,4.5,16.1
967,2023-08-26,59203.1,0.0,30.8,4.3,15.7
968,2023-08-27,37177.1,91.0,18.8,5.4,18.6
969,2023-08-28,33350.5,43.0,14.2,3.1,20.2
970,2023-08-29,34655.0,132.0,0.0,3.9,18.5
971,2023-08-30,35086.9,145.0,0.0,2.6,18.1
972,2023-08-31,71257.7,60.0,0.0,2.9,19.3
973,2023-09-01,59708.1,238.0,0.5,3.6,22.2
974,2023-09-02,29576.3,251.0,0.1,4.0,20.5
975,2023-09-03,45282.1,24.0,0.2,3.7,17.7
976,2023-09-04,28246.0,234.0,0.0,4.8,24.5
977,2023-09-05,39388.8,235.0,0.0,6.4,24.6
978,2023-09-06,40287.5,190.0,0.0,5.3,19.1
979,2023-09-07,39704.8,0.0,0.0,4.9,18.6
980,2023-09-08,49195.9,0.0,0.0,2.8,17.9
981,2023-09-09,45967.3,55.0,0.0,2.4,18.8
982,2023-09-10,37466.3,214.0,0.1,3.1,21.9
983,2023-09-11,24866.1,0.0,0.5,5.8,17.7
984,2023-09-12,51681.7,208.0,0.0,4.4,20.6
985,2023-09-13,41826.3,194.0,0.0,6.8,16.7
986,2023-09-14,31247.6,23.0,0.30000000000000004,4.2,14.1
987,2023-09-15,53802.6,0.0,4.9,3.9,16.4
988,2023-09-16,49660.6,6.0,1.5,3.8,14.9
989,2023-09-17,49764.8,250.0,0.0,4.6,15.0
990,2023-09-18,21393.2,0.0,23.2,6.1,16.0
991,2023-09-19,44527.6,86.0,0.7,7.1,16.3
992,2023-09-20,36948.2,0.0,0.7,4.2,16.2
993,2023-09-21,38206.7,0.0,14.200000000000001,6.3,17.7
994,2023-09-22,78728.0,215.0,4.8,3.2,16.0
995,2023-09-23,61566.3,323.0,0.0,3.8,16.7
996,2023-09-24,71763.1,121.0,0.1,5.1,15.0
997,2023-09-25,44569.7,0.0,0.1,7.2,15.4
998,2023-09-26,58482.2,74.0,0.0,3.8,16.8
999,2023-09-27,42753.7,129.0,0.0,3.6,18.6
1000,2023-09-28,49980.6,0.0,1.6,4.7,16.5
1001,2023-09-29,85775.4,105.0,0.0,5.1,16.2
1002,2023-09-30,59243.1,260.0,0.0,5.1,18.6
1003,2023-10-01,54712.3,0.0,0.0,2.9,14.3
1004,2023-10-02,24606.2,0.0,0.0,2.9,16.1
1005,2023-10-03,23020.3,0.0,0.0,2.3,14.3
1006,2023-10-04,40027.3,0.0,0.0,6.2,16.7
1007,2023-10-05,31813.8,0.0,0.1,3.5,13.3
1008,2023-10-06,35900.7,0.0,0.1,7.0,15.0
1009,2023-10-07,36723.7,0.0,0.0,5.3,11.9
1010,2023-10-08,44840.1,0.0,0.0,3.9,11.1
1011,2023-10-09,16270.3,0.0,0.0,2.8,8.5
1012,2023-10-10,29415.9,0.0,4.7,3.9,13.3
1013,2023-10-11,22991.0,0.0,0.0,7.6,14.2
1014,2023-10-12,20841.3,0.0,0.0,8.1,13.2
1015,2023-10-13,53170.6,0.0,10.4,3.6,9.7
1016,2023-10-14,33709.0,0.0,0.0,7.3,11.4
1017,2023-10-15,41559.2,0.0,0.0,5.8,11.0
1018,2023-10-16,29502.9,0.0,0.0,3.9,9.1
1019,2023-10-17,23228.8,0.0,0.0,5.0,11.9
1020,2023-10-18,30003.7,0.0,0.0,4.0,9.2
1021,2023-10-19,27008.5,0.0,0.0,6.5,3.8
1022,2023-10-20,50623.8,0.0,0.0,8.9,4.1
1023,2023-10-21,33250.3,0.0,1.9000000000000001,8.8,2.7
1024,2023-10-22,31173.4,0.0,0.5,5.2,4.1
1025,2023-10-23,13474.6,0.0,0.0,3.9,8.3
1026,2023-10-24,28831.6,0.0,0.0,4.5,6.5
1027,2023-10-25,46485.6,0.0,0.0,7.3,3.0
1028,2023-10-26,31475.1,0.0,0.0,5.0,3.3
1029,2023-10-27,67928.4,0.0,0.0,4.5,1.9
1030,2023-10-28,34949.9,0.0,0.0,4.3,2.1
1031,2023-10-29,32624.8,0.0,0.0,7.5,1.4
1032,2023-10-30,38014.0,0.0,6.5,9.2,0.6
1033,2023-10-31,49905.4,0.0,0.9,8.9,0.9
1034,2023-11-01,45766.7,0.0,0.2,4.7,1.0
1035,2023-11-02,42638.8,0.0,9.0,10.0,2.6
1036,2023-11-03,57937.1,0.0,5.0,8.6,4.3
1037,2023-11-04,63944.5,0.0,0.2,7.4,4.8
1038,2023-11-05,58175.8,0.0,0.6,5.5,5.2
1039,2023-11-06,35056.3,0.0,12.5,5.3,5.6
1040,2023-11-07,30261.1,0.0,2.6999999999999997,4.7,5.3
1041,2023-11-08,48045.0,0.0,0.0,2.4,4.1
1042,2023-11-09,50769.5,0.0,1.2000000000000002,7.2,4.2
1043,2023-11-10,67662.2,0.0,0.0,4.7,4.4
1044,2023-11-11,46659.9,0.0,0.1,5.4,3.2
1045,2023-11-12,59335.2,0.0,0.0,6.2,2.0
1046,2023-11-13,33734.6,0.0,0.0,5.5,0.2
1047,2023-11-14,60746.8,0.0,0.0,6.1,0.4
1048,2023-11-15,35529.9,0.0,0.0,4.4,-2.6
1049,2023-11-16,59719.4,0.0,0.0,4.0,-2.4
1050,2023-11-17,64741.4,0.0,0.0,3.2,-2.8
1051,2023-11-18,72979.2,0.0,0.0,3.1,-5.6
1052,2023-11-19,66398.7,0.0,0.7000000000000001,5.9,-3.7
1053,2023-11-20,38195.2,0.0,0.2,3.7,-0.5
1054,2023-11-21,54562.7,0.0,0.0,4.1,-0.6
1055,2023-11-22,40530.8,0.0,0.0,7.7,5.7
1056,2023-11-23,57558.5,0.0,0.0,9.2,6.4
1057,2023-11-24,57811.0,0.0,0.0,7.0,2.3
1058,2023-11-25,60801.9,0.0,0.1,5.0,2.1
1059,2023-11-26,58907.8,0.0,0.0,3.8,0.3
1060,2023-11-27,30136.0,0.0,0.30000000000000004,7.0,-2.5
1061,2023-11-28,51298.1,0.0,0.6000000000000001,7.7,-3.7
1062,2023-11-29,36785.7,0.0,0.9,9.0,-1.0
1063,2023-11-30,50100.1,0.0,0.1,5.6,-1.6
1064,2023-12-01,52068.2,0.0,0.0,3.5,-4.5
1065,2023-12-02,38303.4,0.0,0.0,4.0,-7.2
1066,2023-12-03,39691.3,0.0,0.0,3.7,-8.6
1067,2023-12-04,20949.4,0.0,0.0,2.8,-9.9
1068,2023-12-05,43042.6,0.0,0.0,3.4,-10.2
1069,2023-12-06,22048.5,0.0,0.9,3.0,-7.7
1070,2023-12-07,41917.8,0.0,0.4,3.6,-4.4
1071,2023-12-08,90128.2,0.0,0.30000000000000004,5.7,-1.0
1072,2023-12-09,41581.9,0.0,3.3000000000000003,4.5,1.1
1073,2023-12-10,32211.4,0.0,0.7000000000000001,5.7,-0.1
1074,2023-12-11,23474.8,0.0,0.5,7.6,-0.3
1075,2023-12-12,26703.1,0.0,0.0,3.5,-0.4
1076,2023-12-13,46479.4,0.0,0.0,3.6,-3.8
1077,2023-12-14,54386.6,0.0,0.1,2.9,-4.9
1078,2023-12-15,59862.7,0.0,0.0,2.0,-3.7
1079,2023-12-16,32715.4,0.0,0.0,5.2,8.8
1080,2023-12-17,37662.4,0.0,0.0,2.8,3.6
1081,2023-12-18,0.0,0.0,1.1,2.4,3.9
1082,2023-12-19,0.0,0.0,0.0,4.2,3.0
1083,2023-12-20,0.0,0.0,0.0,2.2,-0.2
1084,2023-12-21,0.0,0.0,0.0,4.6,-1.4
1085,2023-12-22,0.0,0.0,0.0,5.1,-1.1
1086,2023-12-23,0.0,0.0,0.0,3.4,-4.4
1087,2023-12-24,0.0,0.0,0.0,2.5,-4.6
1088,2023-12-25,0.0,0.0,0.0,2.0,-5.2
1089,2023-12-26,0.0,0.0,0.0,2.2,-3.3
1090,2023-12-27,0.0,0.0,0.0,2.4,-4.2
