,date,air_temperature,rain_sum,windspeed,sunshine_amount,total_sales,total_net
0,2021-01-01,0.0,0.0,0.0,0.0,16321.7,
1,2021-01-02,0.0,0.0,0.0,0.0,6584.2,
2,2021-01-03,0.0,0.0,0.0,0.0,10853.8,
3,2021-01-04,0.0,0.0,0.0,0.0,4533.2,
4,2021-01-05,0.0,0.0,0.0,0.0,5328.4,
5,2021-01-06,0.0,0.0,0.0,0.0,5889.4,
6,2021-01-07,0.0,0.0,0.0,0.0,6254.2,
7,2021-01-08,0.0,0.0,0.0,0.0,8082.0,
8,2021-01-09,0.0,0.0,0.0,0.0,7220.0,
9,2021-01-10,0.0,0.0,0.0,0.0,9983.0,
10,2021-01-11,0.0,0.0,0.0,0.0,5541.4,
11,2021-01-12,0.0,0.0,0.0,0.0,8360.6,
12,2021-01-13,0.0,0.0,0.0,0.0,6232.9,
13,2021-01-14,0.0,0.0,0.0,0.0,9332.8,
14,2021-01-15,0.0,0.0,0.0,0.0,19320.4,
15,2021-01-16,0.0,0.0,0.0,0.0,8858.3,
16,2021-01-17,0.0,0.0,0.0,0.0,11102.9,
17,2021-01-18,0.0,0.0,0.0,0.0,3930.1,
18,2021-01-19,0.0,0.0,0.0,0.0,5732.0,
19,2021-01-20,0.0,0.0,0.0,0.0,8755.3,
20,2021-01-21,0.0,0.0,0.0,0.0,9411.1,
21,2021-01-22,0.0,0.0,0.0,0.0,9346.8,
22,2021-01-23,0.0,0.0,0.0,0.0,6508.1,
23,2021-01-24,0.0,0.0,0.0,0.0,8099.3,
24,2021-01-25,0.0,0.0,0.0,0.0,6087.1,
25,2021-01-26,0.0,0.0,0.0,0.0,5910.9,
26,2021-01-27,0.0,0.0,0.0,0.0,5472.0,
27,2021-01-28,0.0,0.0,0.0,0.0,6182.7,
28,2021-01-29,0.0,0.0,0.0,0.0,11092.4,
29,2021-01-30,0.0,0.0,0.0,0.0,6665.3,
30,2021-01-31,0.0,0.0,0.0,0.0,7972.8,
31,2021-02-01,0.0,0.0,0.0,0.0,4380.2,
32,2021-02-02,0.0,0.0,0.0,0.0,8027.1,
33,2021-02-03,0.0,0.0,0.0,0.0,6245.9,
34,2021-02-04,0.0,0.0,0.0,0.0,6025.8,
35,2021-02-05,0.0,0.0,0.0,0.0,9379.6,
36,2021-02-06,0.0,0.0,0.0,0.0,6256.9,
37,2021-02-07,0.0,0.0,0.0,0.0,10954.7,
38,2021-02-08,0.0,0.0,0.0,0.0,5482.3,
39,2021-02-09,0.0,0.0,0.0,0.0,4732.0,
40,2021-02-10,0.0,0.0,0.0,0.0,5200.9,
41,2021-02-11,0.0,0.0,0.0,0.0,2269.1,
42,2021-02-12,0.0,0.0,0.0,0.0,5796.1,
43,2021-02-13,0.0,0.0,0.0,0.0,9081.2,
44,2021-02-14,0.0,0.0,0.0,0.0,13477.3,
45,2021-02-15,0.0,0.0,0.0,0.0,4496.1,
46,2021-02-16,0.0,0.0,0.0,0.0,7675.7,
47,2021-02-17,0.0,0.0,0.0,0.0,4072.7,
48,2021-02-18,0.0,0.0,0.0,0.0,9378.6,
49,2021-02-19,0.0,0.0,0.0,0.0,10801.1,
50,2021-02-20,0.0,0.0,0.0,0.0,11301.9,
51,2021-02-21,0.0,0.0,0.0,0.0,15012.6,
52,2021-02-22,0.0,0.0,0.0,0.0,6770.9,
53,2021-02-23,0.0,0.0,0.0,0.0,8689.7,
54,2021-02-24,0.0,0.0,0.0,0.0,8077.9,
55,2021-02-25,0.0,0.0,0.0,0.0,14197.8,
56,2021-02-26,0.0,0.0,0.0,0.0,13523.1,
57,2021-02-27,0.0,0.0,0.0,0.0,14346.3,
58,2021-02-28,0.0,0.0,0.0,0.0,21238.2,
59,2021-03-01,0.0,0.0,0.0,0.0,6910.7,
60,2021-03-02,0.0,0.0,0.0,0.0,9804.0,
61,2021-03-03,0.0,0.0,0.0,0.0,9963.7,
62,2021-03-04,0.0,0.0,0.0,0.0,10321.5,
63,2021-03-05,0.0,0.0,0.0,0.0,13081.1,
64,2021-03-06,0.0,0.0,0.0,0.0,12733.1,
65,2021-03-07,0.0,0.0,0.0,0.0,14411.8,
66,2021-03-08,0.0,0.0,0.0,0.0,6074.9,
67,2021-03-09,0.0,0.0,0.0,0.0,7934.1,
68,2021-03-10,0.0,0.0,0.0,0.0,10104.1,
69,2021-03-11,0.0,0.0,0.0,0.0,7145.0,
70,2021-03-12,0.0,0.0,0.0,0.0,14438.1,
71,2021-03-13,0.0,0.0,0.0,0.0,12727.4,
72,2021-03-14,0.0,0.0,0.0,0.0,14339.3,
73,2021-03-15,0.0,0.0,0.0,0.0,7282.9,
74,2021-03-16,0.0,0.0,0.0,0.0,9609.3,
75,2021-03-17,0.0,0.0,0.0,0.0,8540.1,
76,2021-03-18,0.0,0.0,0.0,0.0,10095.9,
77,2021-03-19,0.0,0.0,0.0,0.0,11776.8,
78,2021-03-20,0.0,0.0,0.0,0.0,11750.6,
79,2021-03-21,0.0,0.0,0.0,0.0,13118.0,
80,2021-03-22,0.0,0.0,0.0,0.0,6516.8,
81,2021-03-23,0.0,0.0,0.0,0.0,6897.8,
82,2021-03-24,0.0,0.0,0.0,0.0,7946.2,
83,2021-03-25,0.0,0.0,0.0,0.0,5726.9,
84,2021-03-26,0.0,0.0,0.0,0.0,14005.4,
85,2021-03-27,0.0,0.0,0.0,0.0,10150.0,
86,2021-03-28,0.0,0.0,0.0,0.0,7249.4,
87,2021-03-29,0.0,0.0,0.0,0.0,5235.9,
88,2021-03-30,0.0,0.0,0.0,0.0,6866.5,
89,2021-03-31,0.0,0.0,0.0,0.0,9028.8,
90,2021-04-01,0.0,0.0,0.0,0.0,8544.4,
91,2021-04-02,0.0,0.0,0.0,0.0,8613.4,
92,2021-04-03,0.0,0.0,0.0,0.0,3850.0,
93,2021-04-04,0.0,0.0,0.0,0.0,10752.5,
94,2021-04-05,0.0,0.0,0.0,0.0,23403.2,
95,2021-04-06,0.0,0.0,0.0,0.0,9414.4,
96,2021-04-07,0.0,0.0,0.0,0.0,10277.6,
97,2021-04-08,0.0,0.0,0.0,0.0,9111.5,
98,2021-04-09,0.0,0.0,0.0,0.0,11854.0,
99,2021-04-10,0.0,0.0,0.0,0.0,12261.2,
100,2021-04-11,0.0,0.0,0.0,0.0,15031.9,
101,2021-04-12,0.0,0.0,0.0,0.0,11134.7,
102,2021-04-13,0.0,0.0,0.0,0.0,8536.7,
103,2021-04-14,0.0,0.0,0.0,0.0,15952.8,
104,2021-04-15,0.0,0.0,0.0,0.0,13146.5,
105,2021-04-16,0.0,0.0,0.0,0.0,13331.6,
106,2021-04-17,0.0,0.0,0.0,0.0,19567.9,
107,2021-04-18,0.0,0.0,0.0,0.0,20959.2,
108,2021-04-19,0.0,0.0,0.0,0.0,10983.0,
109,2021-04-20,0.0,0.0,0.0,0.0,13618.0,
110,2021-04-21,0.0,0.0,0.0,0.0,9940.8,
111,2021-04-22,0.0,0.0,0.0,0.0,10194.0,
112,2021-04-23,0.0,0.0,0.0,0.0,17498.6,
113,2021-04-24,0.0,0.0,0.0,0.0,15458.9,
114,2021-04-25,0.0,0.0,0.0,0.0,14405.8,
115,2021-04-26,0.0,0.0,0.0,0.0,11594.2,
116,2021-04-27,0.0,0.0,0.0,0.0,13198.5,
117,2021-04-28,0.0,0.0,0.0,0.0,15819.4,
118,2021-04-29,0.0,0.0,0.0,0.0,14970.2,
119,2021-04-30,0.0,0.0,0.0,0.0,18606.0,
120,2021-05-01,0.0,0.0,0.0,0.0,19328.0,
121,2021-05-02,0.0,0.0,0.0,0.0,26898.3,
122,2021-05-03,0.0,0.0,0.0,0.0,10997.2,
123,2021-05-04,0.0,0.0,0.0,0.0,13755.0,
124,2021-05-05,0.0,0.0,0.0,0.0,14447.9,
125,2021-05-06,0.0,0.0,0.0,0.0,13924.1,
126,2021-05-07,0.0,0.0,0.0,0.0,16661.4,
127,2021-05-08,0.0,0.0,0.0,0.0,17936.6,
128,2021-05-09,0.0,0.0,0.0,0.0,22100.5,
129,2021-05-10,0.0,0.0,0.0,0.0,15728.3,
130,2021-05-11,0.0,0.0,0.0,0.0,12921.0,
131,2021-05-12,0.0,0.0,0.0,0.0,17114.7,
132,2021-05-13,0.0,0.0,0.0,0.0,27702.1,
133,2021-05-14,0.0,0.0,0.0,0.0,17878.3,
134,2021-05-15,0.0,0.0,0.0,0.0,13044.0,
135,2021-05-16,0.0,0.0,0.0,0.0,21934.1,
136,2021-05-17,0.0,0.0,0.0,0.0,0.0,
137,2021-05-18,0.0,0.0,0.0,0.0,24255.3,
138,2021-05-19,0.0,0.0,0.0,0.0,17568.1,
139,2021-05-20,0.0,0.0,0.0,0.0,14391.2,
140,2021-05-21,0.0,0.0,0.0,0.0,20715.1,
141,2021-05-22,0.0,0.0,0.0,0.0,21598.4,
142,2021-05-23,0.0,0.0,0.0,0.0,23752.0,
143,2021-05-24,0.0,0.0,0.0,0.0,27444.2,
144,2021-05-25,0.0,0.0,0.0,0.0,14246.4,
145,2021-05-26,0.0,0.0,0.0,0.0,20407.1,
146,2021-05-27,0.0,0.0,0.0,0.0,18576.0,
147,2021-05-28,0.0,0.0,0.0,0.0,22902.1,
148,2021-05-29,0.0,0.0,0.0,0.0,21070.9,
149,2021-05-30,0.0,0.0,0.0,0.0,28073.8,
150,2021-05-31,0.0,0.0,0.0,0.0,14581.0,
151,2021-06-01,0.0,0.0,0.0,0.0,20188.0,
152,2021-06-02,0.0,0.0,0.0,0.0,19538.3,
153,2021-06-03,0.0,0.0,0.0,0.0,27944.0,
154,2021-06-04,0.0,0.0,0.0,0.0,21712.9,
155,2021-06-05,0.0,0.0,0.0,0.0,23772.5,
156,2021-06-06,0.0,0.0,0.0,0.0,32690.3,
157,2021-06-07,0.0,0.0,0.0,0.0,14015.0,
158,2021-06-08,0.0,0.0,0.0,0.0,19637.0,
159,2021-06-09,0.0,0.0,0.0,0.0,18537.7,
160,2021-06-10,0.0,0.0,0.0,0.0,25660.3,
161,2021-06-11,0.0,0.0,0.0,0.0,34416.6,
162,2021-06-12,0.0,0.0,0.0,0.0,20178.0,
163,2021-06-13,0.0,0.0,0.0,0.0,34001.3,
164,2021-06-14,0.0,0.0,0.0,0.0,22210.0,
165,2021-06-15,0.0,0.0,0.0,0.0,22780.5,
166,2021-06-16,0.0,0.0,0.0,0.0,28656.4,
167,2021-06-17,0.0,0.0,0.0,0.0,28275.0,
168,2021-06-18,0.0,0.0,0.0,0.0,42298.6,
169,2021-06-19,0.0,0.0,0.0,0.0,44860.0,
170,2021-06-20,0.0,0.0,0.0,0.0,41581.0,
171,2021-06-21,0.0,0.0,0.0,0.0,9723.4,
172,2021-06-22,0.0,0.0,0.0,0.0,42531.1,
173,2021-06-23,0.0,0.0,0.0,0.0,26591.7,
174,2021-06-24,0.0,0.0,0.0,0.0,29361.0,
175,2021-06-25,0.0,0.0,0.0,0.0,35642.6,
176,2021-06-26,0.0,0.0,0.0,0.0,91390.6,
177,2021-06-27,0.0,0.0,0.0,0.0,40098.8,
178,2021-06-28,0.0,0.0,0.0,0.0,19362.5,
179,2021-06-29,0.0,0.0,0.0,0.0,24170.4,
180,2021-06-30,0.0,0.0,0.0,0.0,26331.9,
181,2021-07-01,0.0,0.0,0.0,0.0,24910.3,
182,2021-07-02,0.0,0.0,0.0,0.0,25082.6,
183,2021-07-03,0.0,0.0,0.0,0.0,23972.7,
184,2021-07-04,0.0,0.0,0.0,0.0,33538.8,
185,2021-07-05,0.0,0.0,0.0,0.0,24074.7,
186,2021-07-06,0.0,0.0,0.0,0.0,28765.6,
187,2021-07-07,0.0,0.0,0.0,0.0,26285.4,
188,2021-07-08,0.0,0.0,0.0,0.0,24346.7,
189,2021-07-09,0.0,0.0,0.0,0.0,27864.0,
190,2021-07-10,0.0,0.0,0.0,0.0,32872.3,
191,2021-07-11,0.0,0.0,0.0,0.0,22868.9,
192,2021-07-12,0.0,0.0,0.0,0.0,24827.2,
193,2021-07-13,0.0,0.0,0.0,0.0,26350.3,
194,2021-07-14,0.0,0.0,0.0,0.0,27476.6,
195,2021-07-15,0.0,0.0,0.0,0.0,26191.8,
196,2021-07-16,0.0,0.0,0.0,0.0,25293.6,
197,2021-07-17,0.0,0.0,0.0,0.0,21546.9,
198,2021-07-18,0.0,0.0,0.0,0.0,32724.6,
199,2021-07-19,0.0,0.0,0.0,0.0,20386.5,
200,2021-07-20,0.0,0.0,0.0,0.0,23295.7,
201,2021-07-21,0.0,0.0,0.0,0.0,21627.4,
202,2021-07-22,0.0,0.0,0.0,0.0,21776.8,
203,2021-07-23,0.0,0.0,0.0,0.0,32135.4,
204,2021-07-24,0.0,0.0,0.0,0.0,21560.7,
205,2021-07-25,0.0,0.0,0.0,0.0,37514.2,
206,2021-07-26,0.0,0.0,0.0,0.0,26494.4,
207,2021-07-27,0.0,0.0,0.0,0.0,25570.6,
208,2021-07-28,0.0,0.0,0.0,0.0,26536.8,
209,2021-07-29,0.0,0.0,0.0,0.0,31863.6,
210,2021-07-30,0.0,0.0,0.0,0.0,29557.7,
211,2021-07-31,0.0,0.0,0.0,0.0,39984.3,
212,2021-08-01,0.0,0.0,0.0,0.0,42440.9,
213,2021-08-02,0.0,0.0,0.0,0.0,32473.2,
214,2021-08-03,0.0,0.0,0.0,0.0,24686.6,
215,2021-08-04,0.0,0.0,0.0,0.0,27405.5,
216,2021-08-05,0.0,0.0,0.0,0.0,26650.7,
217,2021-08-06,0.0,0.0,0.0,0.0,45721.4,
218,2021-08-07,0.0,0.0,0.0,0.0,38860.6,
219,2021-08-08,0.0,0.0,0.0,0.0,38602.0,
220,2021-08-09,0.0,0.0,0.0,0.0,20233.1,
221,2021-08-10,0.0,0.0,0.0,0.0,28971.2,
222,2021-08-11,0.0,0.0,0.0,0.0,27733.2,
223,2021-08-12,0.0,0.0,0.0,0.0,30326.3,
224,2021-08-13,0.0,0.0,0.0,0.0,31554.6,
225,2021-08-14,0.0,0.0,0.0,0.0,45836.3,
226,2021-08-15,0.0,0.0,0.0,0.0,39875.8,
227,2021-08-16,0.0,0.0,0.0,0.0,37097.0,
228,2021-08-17,0.0,0.0,0.0,0.0,29731.5,
229,2021-08-18,0.0,0.0,0.0,0.0,31561.4,
230,2021-08-19,0.0,0.0,0.0,0.0,36537.7,
231,2021-08-20,0.0,0.0,0.0,0.0,35416.4,
232,2021-08-21,0.0,0.0,0.0,0.0,85897.5,
233,2021-08-22,0.0,0.0,0.0,0.0,41368.0,
234,2021-08-23,0.0,0.0,0.0,0.0,25576.6,
235,2021-08-24,0.0,0.0,0.0,0.0,21774.6,
236,2021-08-25,0.0,0.0,0.0,0.0,18758.6,
237,2021-08-26,0.0,0.0,0.0,0.0,29874.7,
238,2021-08-27,0.0,0.0,0.0,0.0,31968.3,
239,2021-08-28,0.0,0.0,0.0,0.0,38377.7,
240,2021-08-29,0.0,0.0,0.0,0.0,36885.6,
241,2021-08-30,0.0,0.0,0.0,0.0,18601.1,
242,2021-08-31,0.0,0.0,0.0,0.0,22068.4,
243,2021-09-01,23.4,0.0,6.5,135.0,28162.9,
244,2021-09-02,24.4,0.0,4.0,231.0,25786.9,
245,2021-09-03,17.6,0.0,5.0,4.0,29541.7,
246,2021-09-04,15.6,0.0,5.9,366.0,26524.5,
247,2021-09-05,19.5,0.0,4.0,197.0,36745.7,
248,2021-09-06,19.9,0.0,3.4,181.0,21837.8,
249,2021-09-07,20.5,0.0,2.5,55.0,23385.9,
250,2021-09-08,25.4,0.0,3.6,214.0,29534.9,
251,2021-09-09,24.0,0.0,2.4,120.0,26644.4,
252,2021-09-10,21.3,0.0,3.5,107.0,42025.0,
253,2021-09-11,17.3,8.6,2.9,0.0,32305.9,
254,2021-09-12,19.2,2.0,4.1,36.0,33924.5,
255,2021-09-13,17.1,0.0,3.4,183.0,15663.7,
256,2021-09-14,18.1,0.0,4.0,203.0,17655.4,
257,2021-09-15,16.6,0.0,4.2,0.0,30707.5,
258,2021-09-16,13.1,0.0,5.0,0.0,32277.5,
259,2021-09-17,11.4,0.0,4.9,0.0,38255.0,
260,2021-09-18,12.1,0.0,3.6,0.0,45312.0,
261,2021-09-19,12.0,0.0,2.2,0.0,39785.4,
262,2021-09-20,10.3,0.0,3.2,0.0,23854.9,
263,2021-09-21,16.7,0.0,4.0,109.0,26608.4,
264,2021-09-22,17.7,0.9,4.6,66.0,28507.0,
265,2021-09-23,13.3,0.0,4.6,176.0,28485.0,
266,2021-09-24,12.5,0.4,3.6,40.0,39118.5,
267,2021-09-25,18.1,0.0,3.9,351.0,39591.9,
268,2021-09-26,15.7,0.0,3.6,112.0,41752.9,
269,2021-09-27,14.9,11.8,5.3,0.0,22453.7,
270,2021-09-28,16.7,0.30000000000000004,3.6,160.0,23611.5,
271,2021-09-29,13.1,1.8,4.4,0.0,24640.8,
272,2021-09-30,11.2,8.7,5.4,0.0,29126.0,
273,2021-10-01,13.4,16.0,6.5,0.0,33219.7,
274,2021-10-02,13.5,5.3,3.5,0.0,39949.2,
275,2021-10-03,14.0,24.1,5.2,0.0,34805.3,
276,2021-10-04,14.2,2.1,4.9,0.0,19409.5,
277,2021-10-05,13.7,8.0,4.4,0.0,23366.4,
278,2021-10-06,11.7,0.2,8.1,0.0,35661.6,
279,2021-10-07,12.9,0.0,2.3,0.0,29171.2,
280,2021-10-08,13.1,3.2,4.2,0.0,37515.0,
281,2021-10-09,14.7,0.0,4.5,0.0,38726.9,
282,2021-10-10,11.4,3.9000000000000004,3.6,0.0,38229.8,
283,2021-10-11,12.4,0.0,5.8,0.0,24496.9,
284,2021-10-12,12.2,0.0,5.7,0.0,29651.5,
285,2021-10-13,7.6,0.2,3.9,0.0,29540.4,
286,2021-10-14,12.1,0.0,6.0,0.0,32469.7,
287,2021-10-15,11.8,0.0,5.4,0.0,58779.2,
288,2021-10-16,12.0,0.0,5.5,0.0,46782.6,
289,2021-10-17,9.0,0.0,4.6,0.0,45819.2,
290,2021-10-18,7.6,0.0,2.3,0.0,19829.5,
291,2021-10-19,3.9,5.1,3.3,0.0,22025.4,
292,2021-10-20,12.1,0.5,5.4,0.0,29148.2,
293,2021-10-21,10.5,0.0,6.4,0.0,32092.8,
294,2021-10-22,10.6,0.0,5.1,0.0,48382.6,
295,2021-10-23,9.6,0.0,4.4,0.0,39460.9,
296,2021-10-24,10.9,0.0,5.7,0.0,38498.7,
297,2021-10-25,10.9,0.8,4.3,0.0,17572.9,
298,2021-10-26,10.9,0.0,4.9,0.0,22761.5,
299,2021-10-27,13.8,1.5999999999999999,3.1,0.0,21164.5,
300,2021-10-28,12.6,0.0,7.7,0.0,27932.3,
301,2021-10-29,11.5,0.39999999999999997,5.7,0.0,42569.0,
302,2021-10-30,12.7,3.9,4.7,0.0,43111.7,
303,2021-10-31,11.6,0.6,4.2,0.0,38836.8,
304,2021-11-01,11.6,1.1,7.2,0.0,21503.5,
305,2021-11-02,10.2,0.7,5.3,0.0,20109.2,
306,2021-11-03,8.3,0.1,2.9,0.0,20028.9,
307,2021-11-04,6.5,0.0,2.9,0.0,24446.3,
308,2021-11-05,3.1,0.0,2.6,0.0,26744.7,
309,2021-11-06,6.9,2.2,4.7,0.0,32777.9,
310,2021-11-07,4.1,3.0,7.0,0.0,36197.9,
311,2021-11-08,3.1,0.8,4.5,0.0,1674.2,
312,2021-11-09,9.3,0.1,5.3,0.0,25267.0,
313,2021-11-10,9.7,0.0,3.6,0.0,22684.2,
314,2021-11-11,9.7,0.0,6.7,0.0,21577.2,
315,2021-11-12,5.4,0.4,6.2,0.0,37965.0,
316,2021-11-13,4.4,0.0,6.5,0.0,44560.0,
317,2021-11-14,1.7,0.1,3.7,0.0,31093.2,
318,2021-11-15,7.3,0.0,4.4,0.0,18315.0,
319,2021-11-16,8.7,0.0,5.2,0.0,15654.5,
320,2021-11-17,8.5,0.0,6.4,0.0,22251.0,
321,2021-11-18,4.5,0.2,2.4,0.0,23458.1,
322,2021-11-19,15.1,0.0,6.5,0.0,36962.7,
323,2021-11-20,8.4,0.0,5.6,0.0,40575.2,
324,2021-11-21,5.2,0.0,6.5,0.0,33469.7,
325,2021-11-22,2.4,0.0,2.5,0.0,14599.2,
326,2021-11-23,3.3,0.0,1.5,0.0,16805.8,
327,2021-11-24,6.0,0.0,2.8,0.0,19879.2,
328,2021-11-25,3.5,0.0,4.9,0.0,22890.5,
329,2021-11-26,-0.5,0.0,4.6,0.0,41345.5,
330,2021-11-27,-2.5,0.0,7.0,0.0,35340.3,
331,2021-11-28,-1.6,0.0,7.9,0.0,33501.4,
332,2021-11-29,-4.5,0.1,3.6,0.0,20592.3,
333,2021-11-30,-3.9,0.7,4.5,0.0,16291.6,
334,2021-12-01,-6.7,0.0,3.1,0.0,22618.0,
335,2021-12-02,-4.2,0.0,4.3,0.0,26348.3,
336,2021-12-03,-6.4,1.0,5.0,0.0,33582.9,
337,2021-12-04,-5.3,0.0,5.0,0.0,32941.3,
338,2021-12-05,-3.8,0.0,6.4,0.0,28509.7,
339,2021-12-06,-8.6,0.1,4.2,0.0,14210.0,
340,2021-12-07,-7.7,0.30000000000000004,5.2,0.0,14993.6,
341,2021-12-08,-2.0,1.3,6.2,0.0,21215.2,
342,2021-12-09,-0.1,2.7,4.3,0.0,23574.3,
343,2021-12-10,0.3,1.6,5.9,0.0,26324.4,
344,2021-12-11,1.8,0.2,5.3,0.0,35210.6,
345,2021-12-12,1.5,3.1999999999999997,2.4,0.0,28196.3,
346,2021-12-13,3.1,1.1,3.3,0.0,14144.1,
347,2021-12-14,3.8,0.0,3.1,0.0,19144.8,
348,2021-12-15,4.3,0.0,2.8,0.0,17384.6,
349,2021-12-16,8.3,0.0,5.2,0.0,21352.4,
350,2021-12-17,4.0,0.0,2.7,0.0,25574.0,
351,2021-12-18,6.8,0.1,3.8,0.0,22254.2,
352,2021-12-19,5.5,0.0,6.1,0.0,25965.7,
353,2021-12-20,4.0,0.0,5.7,0.0,23530.7,
354,2021-12-21,-1.9,1.5,1.9,0.0,17227.8,
355,2021-12-22,-1.6,0.5,1.7,0.0,17374.8,
356,2021-12-23,-1.9,0.0,3.1,0.0,0.0,
357,2021-12-24,-2.7,0.0,6.3,0.0,0.0,
358,2021-12-25,-0.2,0.0,5.3,0.0,0.0,
359,2021-12-26,-2.9,0.0,2.1,0.0,0.0,
360,2021-12-27,-5.0,0.0,4.2,0.0,21775.2,
361,2021-12-28,-3.9,0.0,5.1,0.0,14929.0,
362,2021-12-29,-3.7,0.0,2.9,0.0,14948.0,
363,2021-12-30,1.0,0.30000000000000004,3.6,0.0,19333.5,
364,2021-12-31,0.4,0.0,3.1,0.0,0.0,
365,2022-01-01,-0.1,7.6,2.7,0.0,0.0,
366,2022-01-02,1.0,0.1,2.7,0.0,0.0,
367,2022-01-03,3.7,0.30000000000000004,5.3,0.0,0.0,
368,2022-01-04,0.3,0.0,3.1,0.0,0.0,
369,2022-01-05,0.2,0.0,6.2,0.0,0.0,
370,2022-01-06,-1.5,0.0,5.3,0.0,0.0,
371,2022-01-07,-2.8,3.9,6.8,0.0,0.0,
372,2022-01-08,-2.5,0.5,6.1,0.0,0.0,
373,2022-01-09,-0.9,0.0,6.3,0.0,0.0,
374,2022-01-10,-0.6,0.1,5.7,0.0,0.0,
375,2022-01-11,2.7,3.3,5.2,0.0,0.0,
376,2022-01-12,3.1,0.0,2.9,0.0,0.0,
377,2022-01-13,12.3,0.0,7.6,0.0,0.0,
378,2022-01-14,10.8,0.0,10.1,0.0,0.0,
379,2022-01-15,0.5,0.0,2.4,0.0,0.0,
380,2022-01-16,6.1,0.30000000000000004,9.0,0.0,0.0,
381,2022-01-17,4.2,0.0,8.0,0.0,0.0,
382,2022-01-18,-1.1,0.0,2.4,0.0,0.0,
383,2022-01-19,4.9,0.8,10.5,0.0,0.0,
384,2022-01-20,1.0,0.0,7.6,0.0,0.0,
385,2022-01-21,1.7,0.0,2.1,0.0,0.0,
386,2022-01-22,1.4,0.0,2.2,0.0,0.0,
387,2022-01-23,0.5,0.0,2.1,0.0,0.0,
388,2022-01-24,1.6,0.0,3.2,0.0,0.0,
389,2022-01-25,4.6,0.0,2.8,0.0,0.0,
390,2022-01-26,6.8,0.0,5.3,0.0,0.0,
391,2022-01-27,6.5,0.0,8.1,0.0,0.0,
392,2022-01-28,4.5,1.1,6.9,0.0,0.0,
393,2022-01-29,8.7,0.0,10.4,0.0,0.0,
394,2022-01-30,6.2,0.0,9.4,0.0,0.0,
395,2022-01-31,-1.9,0.0,3.7,0.0,0.0,
396,2022-02-01,-4.0,7.1000000000000005,4.2,0.0,18794.5,
397,2022-02-02,-2.9,0.4,5.0,0.0,15103.5,
398,2022-02-03,-2.5,4.1,3.7,0.0,18287.5,
399,2022-02-04,3.5,0.2,4.6,0.0,26906.7,
400,2022-02-05,3.9,0.0,4.7,0.0,32732.7,
401,2022-02-06,2.9,0.0,6.3,0.0,27190.3,
402,2022-02-07,7.5,0.0,3.0,0.0,14644.9,
403,2022-02-08,8.0,0.0,4.4,0.0,15450.4,
404,2022-02-09,6.5,0.0,7.0,0.0,17916.9,
405,2022-02-10,4.9,0.0,5.0,0.0,16007.1,
406,2022-02-11,2.4,0.0,4.5,0.0,31729.2,
407,2022-02-12,4.6,0.0,6.5,0.0,28559.5,
408,2022-02-13,6.3,3.6,6.2,0.0,31521.1,
409,2022-02-14,3.9,18.0,7.2,0.0,19776.2,
410,2022-02-15,4.5,7.0,5.6,0.0,17162.4,
411,2022-02-16,3.6,2.2,4.4,0.0,20491.6,
412,2022-02-17,3.2,0.0,4.6,0.0,20894.7,
413,2022-02-18,5.4,0.0,6.5,0.0,28497.1,
414,2022-02-19,2.5,0.0,6.2,0.0,23914.9,
415,2022-02-20,1.4,0.9,4.4,0.0,32968.7,
416,2022-02-21,1.7,0.30000000000000004,6.6,0.0,16941.8,
417,2022-02-22,0.4,2.7,4.9,0.0,22151.9,
418,2022-02-23,5.2,0.2,7.6,0.0,27965.0,
419,2022-02-24,5.6,2.1,7.0,0.0,23634.7,
420,2022-02-25,5.9,0.0,4.9,0.0,33094.1,
421,2022-02-26,3.8,0.0,4.7,0.0,27779.3,
422,2022-02-27,6.1,0.0,5.7,0.0,32502.4,
423,2022-02-28,3.8,0.0,5.4,0.0,14098.7,
424,2022-03-01,8.1,0.0,5.7,152.0,16737.9,
425,2022-03-02,10.7,0.0,5.1,156.0,21348.7,
426,2022-03-03,6.5,0.0,2.9,143.0,24733.9,
427,2022-03-04,5.1,0.0,3.9,219.0,37189.5,
428,2022-03-05,4.4,0.0,2.6,283.0,30086.7,
429,2022-03-06,8.0,0.0,3.2,176.0,40508.9,
430,2022-03-07,8.1,0.0,2.4,121.0,14454.9,
431,2022-03-08,4.4,0.0,2.0,169.0,19284.6,
432,2022-03-09,-0.9,0.0,2.2,0.0,21650.6,
433,2022-03-10,2.7,0.2,3.9,0.0,27236.0,
434,2022-03-11,4.5,0.0,3.9,200.0,32373.3,
435,2022-03-12,6.4,0.0,4.3,341.0,30376.5,
436,2022-03-13,8.2,0.0,4.2,164.0,34249.8,
437,2022-03-14,9.8,0.0,4.0,166.0,24603.7,
438,2022-03-15,7.6,0.0,2.7,49.0,19668.9,
439,2022-03-16,4.0,0.0,3.2,0.0,22732.0,
440,2022-03-17,3.7,2.4,4.3,0.0,21664.1,
441,2022-03-18,10.2,0.0,4.3,250.0,26911.5,
442,2022-03-19,10.8,0.0,2.8,362.0,34278.4,
443,2022-03-20,10.0,0.0,2.6,255.0,29424.2,
444,2022-03-21,10.2,0.0,4.1,175.0,15790.0,
445,2022-03-22,9.1,0.0,5.6,166.0,23191.3,
446,2022-03-23,10.8,0.0,2.8,193.0,18684.1,
447,2022-03-24,8.9,0.0,2.0,70.0,19706.9,
448,2022-03-25,14.1,0.0,6.3,62.0,37295.5,
449,2022-03-26,11.3,0.0,5.8,357.0,45049.4,
450,2022-03-27,15.0,0.0,6.9,271.0,29008.6,
451,2022-03-28,11.4,0.0,7.5,153.0,14898.3,
452,2022-03-29,3.6,0.2,5.2,15.0,19133.1,
453,2022-03-30,4.8,0.1,5.3,111.0,19105.8,
454,2022-03-31,5.4,0.0,4.8,103.0,22401.0,
455,2022-04-01,3.8,0.0,3.4,132.0,34652.3,
456,2022-04-02,7.7,0.0,3.7,354.0,22840.2,
457,2022-04-03,7.5,0.0,5.0,19.0,33405.7,
458,2022-04-04,4.6,0.1,7.7,4.0,25251.9,
459,2022-04-05,6.1,0.0,5.0,236.0,18076.2,
460,2022-04-06,5.1,0.0,4.0,62.0,21518.2,
461,2022-04-07,4.4,0.0,8.8,0.0,20415.4,
462,2022-04-08,5.2,0.0,8.8,265.0,29886.9,
463,2022-04-09,8.2,0.0,7.7,100.0,30363.2,
464,2022-04-10,12.1,0.30000000000000004,6.0,276.0,33419.7,
465,2022-04-11,10.1,0.1,4.8,210.0,19180.3,
466,2022-04-12,10.0,0.0,3.9,92.0,24491.9,
467,2022-04-13,5.9,3.4000000000000004,5.0,0.0,21042.4,
468,2022-04-14,7.5,0.0,5.7,0.0,17431.5,
469,2022-04-15,12.9,0.0,3.1,302.0,15102.1,
470,2022-04-16,14.3,0.0,4.7,413.0,14606.6,
471,2022-04-17,12.9,0.0,4.5,294.0,22086.6,
472,2022-04-18,13.2,0.0,2.8,262.0,32785.4,
473,2022-04-19,17.4,0.0,2.8,264.0,20174.9,
474,2022-04-20,19.2,0.0,3.9,265.0,34055.3,
475,2022-04-21,18.4,0.0,4.4,215.0,24660.9,
476,2022-04-22,19.4,0.0,6.1,328.0,33802.2,
477,2022-04-23,13.3,0.0,6.5,287.0,38756.5,
478,2022-04-24,12.3,0.0,6.4,336.0,43413.1,
479,2022-04-25,16.6,0.0,7.2,150.0,8300.0,
480,2022-04-26,11.0,0.0,7.0,162.0,23891.4,
481,2022-04-27,9.4,0.0,5.5,282.0,25167.2,
482,2022-04-28,12.6,0.0,4.7,148.0,29079.0,
483,2022-04-29,12.2,0.0,4.6,124.0,41342.7,
484,2022-04-30,12.0,0.0,5.4,40.0,39713.9,
485,2022-05-01,14.7,0.0,4.0,300.0,39666.8,
486,2022-05-02,14.2,0.0,5.8,189.0,22052.7,
487,2022-05-03,12.6,0.0,5.6,255.0,25737.6,
488,2022-05-04,13.1,0.0,5.2,21.0,23401.3,
489,2022-05-05,18.1,0.0,5.2,297.0,24648.0,
490,2022-05-06,17.7,0.9,4.8,125.0,46332.6,
491,2022-05-07,15.3,0.0,5.6,442.0,37217.3,
492,2022-05-08,13.9,0.0,3.8,340.0,37547.4,
493,2022-05-09,15.5,0.0,6.6,154.0,18036.4,
494,2022-05-10,11.4,1.4000000000000001,7.0,0.0,20948.6,
495,2022-05-11,12.7,0.4,6.7,40.0,22680.1,
496,2022-05-12,15.3,0.0,7.9,281.0,29642.2,
497,2022-05-13,13.5,1.2,5.6,36.0,49118.6,
498,2022-05-14,16.1,0.0,6.2,416.0,21440.6,
499,2022-05-15,16.5,0.0,6.7,60.0,41298.4,
500,2022-05-16,17.0,0.0,6.1,321.0,31529.2,
501,2022-05-17,17.7,0.0,4.9,322.0,0.0,
502,2022-05-18,15.7,1.8,5.0,3.0,35417.7,
503,2022-05-19,16.1,0.0,2.7,51.0,19539.1,
504,2022-05-20,19.0,3.6,5.9,177.0,38000.6,
505,2022-05-21,12.0,1.9,3.9,12.0,44377.4,
506,2022-05-22,16.3,0.0,3.4,240.0,31200.1,
507,2022-05-23,16.8,0.0,5.8,184.0,20835.6,
508,2022-05-24,16.5,6.5,5.6,0.0,16377.2,
509,2022-05-25,15.4,0.1,7.2,162.0,37275.0,
510,2022-05-26,18.0,2.8,6.1,273.0,55279.5,
511,2022-05-27,13.4,0.5,6.8,0.0,34264.2,
512,2022-05-28,16.9,0.0,7.9,264.0,32499.9,
513,2022-05-29,13.0,0.2,5.0,0.0,29591.7,
514,2022-05-30,15.2,7.0,4.4,14.0,28541.8,
515,2022-05-31,17.7,0.0,5.6,68.0,28741.2,
516,2022-06-01,14.9,0.4,4.7,0.0,35620.9,
517,2022-06-02,15.1,0.2,3.7,143.0,24014.4,
518,2022-06-03,17.6,5.3,5.6,68.0,36084.5,
519,2022-06-04,20.2,0.0,5.0,418.0,33786.0,
520,2022-06-05,22.3,0.4,3.0,275.0,30268.7,
521,2022-06-06,24.1,0.0,4.4,344.0,40946.5,
522,2022-06-07,19.9,1.7999999999999998,4.4,78.0,20135.4,
523,2022-06-08,18.2,10.9,3.1,153.0,27025.6,
524,2022-06-09,17.6,0.0,2.6,29.0,39660.8,
525,2022-06-10,19.2,0.0,5.7,215.0,26384.5,
526,2022-06-11,18.7,9.3,7.5,70.0,67662.9,
527,2022-06-12,18.6,0.0,6.3,234.0,52630.5,
528,2022-06-13,19.0,1.1,4.4,102.0,25734.9,
529,2022-06-14,21.8,0.0,3.8,163.0,27428.5,
530,2022-06-15,21.8,0.0,3.9,0.0,28467.7,
531,2022-06-16,22.4,3.8000000000000003,4.2,60.0,26025.3,
532,2022-06-17,21.0,7.6,6.2,0.0,44593.7,
533,2022-06-18,19.9,0.1,6.5,424.0,33456.3,
534,2022-06-19,18.1,0.0,4.8,136.0,35717.8,
535,2022-06-20,22.9,0.0,4.4,347.0,24949.6,
536,2022-06-21,19.7,0.2,3.4,104.0,26057.6,
537,2022-06-22,21.2,0.0,5.0,103.0,23805.4,
538,2022-06-23,24.7,0.0,5.4,243.0,22995.2,
539,2022-06-24,26.1,0.0,3.4,406.0,29667.0,
540,2022-06-25,27.1,0.0,4.2,238.0,32861.7,
541,2022-06-26,24.1,10.5,3.2,0.0,41219.2,
542,2022-06-27,21.7,20.1,3.3,22.0,28522.1,
543,2022-06-28,22.6,3.6,5.2,352.0,32846.7,
544,2022-06-29,23.3,0.30000000000000004,4.2,352.0,31425.9,
545,2022-06-30,26.6,0.2,3.0,351.0,25067.8,
546,2022-07-01,25.1,14.4,3.9,287.0,37188.3,
547,2022-07-02,21.8,0.5,6.8,301.0,30540.7,
548,2022-07-03,18.5,3.4,6.5,120.0,39802.7,
549,2022-07-04,19.3,0.8,6.5,111.0,24802.4,
550,2022-07-05,19.7,0.1,5.6,280.0,20056.9,
551,2022-07-06,20.2,7.2,6.6,10.0,28939.7,
552,2022-07-07,23.1,3.2,6.4,210.0,36775.0,
553,2022-07-08,23.0,0.0,6.0,209.0,34629.5,
554,2022-07-09,20.6,0.0,6.4,302.0,27566.4,
555,2022-07-10,21.6,0.1,5.6,305.0,28163.2,
556,2022-07-11,22.8,0.0,3.9,301.0,22284.3,
557,2022-07-12,21.9,0.0,4.5,49.0,26763.5,
558,2022-07-13,22.0,2.2,6.5,394.0,22080.6,
559,2022-07-14,18.7,0.0,4.7,53.0,24708.3,
560,2022-07-15,19.5,0.5,5.6,323.0,26765.5,
561,2022-07-16,21.7,0.0,4.4,233.0,27968.7,
562,2022-07-17,20.4,0.1,4.4,196.0,30592.1,
563,2022-07-18,22.4,0.0,3.7,196.0,23401.3,
564,2022-07-19,25.1,0.0,3.4,373.0,16655.7,
565,2022-07-20,26.9,0.0,5.9,446.0,17803.8,
566,2022-07-21,25.8,0.0,2.9,157.0,26759.3,
567,2022-07-22,20.9,0.4,8.2,58.0,29610.5,
568,2022-07-23,21.2,0.0,3.9,396.0,20736.1,
569,2022-07-24,18.4,0.6,4.9,1.0,48206.5,
570,2022-07-25,17.5,0.6,5.7,0.0,27740.1,
571,2022-07-26,21.5,0.0,4.9,134.0,29563.6,
572,2022-07-27,22.1,0.0,5.2,545.0,27383.8,
573,2022-07-28,21.8,0.5,5.3,175.0,24949.3,
574,2022-07-29,24.0,0.0,4.6,382.0,24051.6,
575,2022-07-30,22.7,0.0,6.0,365.0,32677.3,
576,2022-07-31,21.4,4.3,5.0,13.0,38137.7,
577,2022-08-01,20.6,5.9,4.0,237.0,27528.9,
578,2022-08-02,16.4,14.700000000000001,4.4,0.0,26006.2,
579,2022-08-03,20.9,0.3,7.5,105.0,30764.1,
580,2022-08-04,19.7,1.7000000000000002,6.1,0.0,31507.6,
581,2022-08-05,21.3,0.0,5.1,285.0,27369.1,
582,2022-08-06,20.7,0.0,4.6,363.0,31377.5,
583,2022-08-07,19.5,0.0,4.1,92.0,35549.9,
584,2022-08-08,22.3,0.0,4.1,303.0,25190.6,
585,2022-08-09,19.7,0.0,5.0,19.0,19413.5,
586,2022-08-10,25.3,0.0,4.8,276.0,32879.4,
587,2022-08-11,26.7,0.0,4.9,298.0,32792.9,
588,2022-08-12,26.9,0.1,3.2,315.0,44469.1,
589,2022-08-13,25.6,0.0,4.2,473.0,30824.6,
590,2022-08-14,27.5,0.0,4.3,150.0,51205.8,
591,2022-08-15,27.2,10.6,4.0,33.0,42906.3,
592,2022-08-16,22.8,18.1,4.7,0.0,47478.7,
593,2022-08-17,24.2,0.0,6.3,136.0,32165.8,
594,2022-08-18,20.2,1.7999999999999998,5.1,0.0,43149.4,
595,2022-08-19,22.6,0.0,2.6,195.0,40336.1,
596,2022-08-20,22.4,0.0,4.9,434.0,40962.5,
597,2022-08-21,18.6,2.6,5.9,173.0,59893.9,
598,2022-08-22,20.0,0.0,3.3,192.0,40980.5,
599,2022-08-23,20.9,0.0,2.9,266.0,24154.6,
600,2022-08-24,21.8,0.0,3.1,29.0,30210.1,
601,2022-08-25,25.1,0.0,3.5,233.0,48993.5,
602,2022-08-26,20.7,2.4,3.9,0.0,70036.4,
603,2022-08-27,23.2,0.0,2.9,337.0,78463.8,
604,2022-08-28,20.2,0.0,4.6,194.0,41395.5,
605,2022-08-29,19.6,0.0,6.3,252.0,15903.8,
606,2022-08-30,17.1,0.0,4.7,220.0,17781.8,
607,2022-08-31,19.9,0.0,3.8,242.0,27010.3,
608,2022-09-01,18.9,0.0,3.8,245.0,31616.3,
609,2022-09-02,16.3,2.1,2.5,15.0,32338.0,
610,2022-09-03,14.4,0.5,4.0,58.0,46449.3,
611,2022-09-04,13.5,0.0,3.3,57.0,32522.1,
612,2022-09-05,19.6,0.1,2.9,217.0,20231.9,
613,2022-09-06,20.5,0.0,3.7,229.0,23511.2,
614,2022-09-07,20.3,0.0,3.0,144.0,22287.0,
615,2022-09-08,15.2,0.0,4.4,0.0,24326.3,
616,2022-09-09,15.6,0.0,5.7,74.0,43941.9,
617,2022-09-10,14.1,0.0,4.9,0.0,33787.5,
618,2022-09-11,17.4,0.0,2.7,258.0,43292.6,
619,2022-09-12,15.9,14.799999999999999,6.2,0.0,16760.2,
620,2022-09-13,14.5,4.7,5.7,67.0,21537.5,
621,2022-09-14,17.0,0.4,4.9,95.0,28021.6,
622,2022-09-15,17.5,0.1,4.0,84.0,27598.9,
623,2022-09-16,16.0,0.0,7.1,37.0,34858.9,
624,2022-09-17,17.1,0.0,5.3,182.0,26485.0,
625,2022-09-18,16.2,0.0,5.4,152.0,28357.2,
626,2022-09-19,15.6,0.0,7.5,129.0,17896.5,
627,2022-09-20,14.9,0.0,4.3,185.0,29016.9,
628,2022-09-21,15.2,0.0,2.5,182.0,27874.7,
629,2022-09-22,13.7,0.0,3.7,0.0,35348.6,
630,2022-09-23,13.0,12.8,5.2,0.0,39514.5,
631,2022-09-24,13.8,0.0,3.7,192.0,29812.6,
632,2022-09-25,14.1,0.0,4.4,92.0,36886.1,
633,2022-09-26,11.0,7.5,4.3,0.0,12677.2,
634,2022-09-27,12.0,0.8999999999999999,5.7,0.0,66816.4,
635,2022-09-28,14.0,0.0,5.8,41.0,22876.4,
636,2022-09-29,11.7,0.0,6.3,6.0,22418.6,
637,2022-09-30,12.7,0.1,2.6,77.0,35811.3,
638,2022-10-01,11.3,2.9,3.8,0.0,46813.4,
639,2022-10-02,12.5,0.1,3.4,0.0,30528.0,
640,2022-10-03,16.5,0.1,3.6,0.0,15991.8,
641,2022-10-04,13.4,0.2,4.7,0.0,19692.3,
642,2022-10-05,14.1,5.6,6.4,0.0,28548.7,
643,2022-10-06,15.0,0.0,9.1,0.0,23181.8,
644,2022-10-07,14.4,0.0,7.4,0.0,29143.6,
645,2022-10-08,13.7,0.0,4.5,0.0,22446.2,
646,2022-10-09,13.3,0.0,5.3,0.0,23113.5,
647,2022-10-10,12.9,1.3,6.7,0.0,28021.7,
648,2022-10-11,12.7,0.0,6.5,0.0,18551.7,
649,2022-10-12,11.5,0.30000000000000004,4.0,0.0,35824.3,
650,2022-10-13,11.0,8.8,5.1,0.0,48107.2,
651,2022-10-14,10.8,0.5,5.1,0.0,41809.4,
652,2022-10-15,13.0,8.1,6.5,0.0,31347.4,
653,2022-10-16,8.7,7.2,4.0,0.0,29207.0,
654,2022-10-17,7.3,1.6,4.1,0.0,20002.9,
655,2022-10-18,10.5,0.0,4.1,0.0,12590.2,
656,2022-10-19,8.3,0.0,3.8,0.0,17446.5,
657,2022-10-20,5.4,0.0,2.7,0.0,33369.3,
658,2022-10-21,5.2,0.0,4.8,0.0,25982.4,
659,2022-10-22,7.4,0.0,4.1,0.0,32857.3,
660,2022-10-23,5.0,0.1,3.8,0.0,27704.6,
661,2022-10-24,8.1,8.5,6.4,0.0,13044.8,
662,2022-10-25,10.0,1.8,6.0,0.0,25996.4,
663,2022-10-26,6.8,0.7000000000000001,2.8,0.0,21327.0,
664,2022-10-27,11.8,0.6,2.4,0.0,28255.3,
665,2022-10-28,11.7,8.3,3.2,0.0,41364.2,
666,2022-10-29,13.8,0.0,5.1,0.0,31677.5,
667,2022-10-30,8.2,0.8,3.2,0.0,31512.5,
668,2022-10-31,12.7,0.39999999999999997,2.0,0.0,23912.0,
669,2022-11-01,11.7,5.699999999999999,5.3,0.0,31787.4,
670,2022-11-02,11.7,2.5,4.8,0.0,16852.8,
671,2022-11-03,10.8,3.8,5.5,0.0,16867.9,
672,2022-11-04,9.9,5.7,4.4,0.0,36904.5,
673,2022-11-05,9.9,1.7999999999999998,4.4,0.0,53949.8,
674,2022-11-06,9.3,0.4,3.3,0.0,23657.5,
675,2022-11-07,8.6,4.4,5.8,0.0,18468.0,
676,2022-11-08,9.4,4.0,3.5,0.0,23916.7,
677,2022-11-09,11.1,0.0,3.2,0.0,21902.5,
678,2022-11-10,11.8,1.6,5.7,0.0,27159.1,
679,2022-11-11,14.1,0.0,6.3,0.0,46823.8,
680,2022-11-12,15.0,0.0,5.5,0.0,38897.9,
681,2022-11-13,7.6,0.0,2.8,0.0,31672.1,
682,2022-11-14,7.8,0.0,4.0,0.0,24627.5,
683,2022-11-15,4.9,0.0,6.2,0.0,45877.6,
684,2022-11-16,3.7,0.1,6.5,0.0,30431.9,
685,2022-11-17,1.6,0.0,5.4,0.0,38096.1,
686,2022-11-18,1.0,0.0,7.6,0.0,43286.5,
687,2022-11-19,0.7,0.0,7.6,0.0,56559.4,
688,2022-11-20,-0.6,0.30000000000000004,8.4,0.0,45755.5,
689,2022-11-21,0.2,0.6000000000000001,9.5,0.0,17836.8,
690,2022-11-22,0.7,0.5,6.8,0.0,37618.7,
691,2022-11-23,1.6,1.7,5.2,0.0,24281.7,
692,2022-11-24,2.3,1.7,5.2,0.0,28900.6,
693,2022-11-25,3.2,0.7000000000000001,5.0,0.0,35968.6,
694,2022-11-26,3.5,1.6,3.8,0.0,42423.5,
695,2022-11-27,5.4,2.7,4.4,0.0,39542.8,
696,2022-11-28,4.6,0.4,6.1,0.0,23384.0,
697,2022-11-29,3.6,0.0,4.5,0.0,26288.5,
698,2022-11-30,2.6,0.0,3.1,0.0,24554.6,
699,2022-12-01,1.6,0.0,3.9,0.0,27390.9,
700,2022-12-02,2.0,0.0,5.1,0.0,42956.6,
701,2022-12-03,1.8,0.0,4.8,0.0,46575.6,
702,2022-12-04,-0.7,0.0,3.2,0.0,34242.9,
703,2022-12-05,-2.4,0.0,3.9,0.0,19094.6,
704,2022-12-06,-1.0,0.1,4.4,0.0,22713.8,
705,2022-12-07,-1.5,0.0,4.3,0.0,25872.0,
706,2022-12-08,-4.5,0.4,6.8,0.0,19105.1,
707,2022-12-09,-4.2,0.0,5.7,0.0,35472.6,
708,2022-12-10,-5.0,0.0,4.6,0.0,39366.6,
709,2022-12-11,-7.4,0.1,4.7,0.0,37497.7,
710,2022-12-12,-6.0,0.0,6.4,0.0,16816.4,
711,2022-12-13,-7.5,3.6,5.4,0.0,12714.0,
712,2022-12-14,-8.4,0.6,3.2,0.0,28865.0,
713,2022-12-15,-8.0,0.0,2.7,0.0,37608.3,
714,2022-12-16,-6.3,1.2,2.0,0.0,40112.3,
715,2022-12-17,-3.0,2.1999999999999997,3.4,0.0,49413.7,
716,2022-12-18,1.3,0.2,3.0,0.0,35530.1,
717,2022-12-19,-0.8,2.9000000000000004,2.7,0.0,30462.4,
718,2022-12-20,1.5,7.4,2.9,0.0,24393.3,
719,2022-12-21,1.7,8.1,2.6,0.0,32076.4,
720,2022-12-22,1.9,4.8,4.0,0.0,29895.8,
721,2022-12-23,-0.8,0.0,3.1,0.0,19468.8,
722,2022-12-24,-9.8,0.0,2.5,0.0,0.0,
723,2022-12-25,0.8,2.3,3.7,0.0,0.0,
724,2022-12-26,3.8,17.1,5.7,0.0,0.0,
725,2022-12-27,1.7,0.0,3.6,0.0,21618.3,
726,2022-12-28,-3.1,0.30000000000000004,6.4,0.0,24742.1,
727,2022-12-29,3.1,6.5,6.5,0.0,23658.9,
728,2022-12-30,4.6,4.9,6.7,0.0,30923.4,
729,2022-12-31,6.3,2.2,7.2,0.0,0.0,
730,2023-01-01,-1.1,0.1,5.2,0.0,38684.7,
731,2023-01-02,-3.0,0.4,4.4,0.0,16656.2,
732,2023-01-03,-5.6,0.0,3.5,0.0,20909.7,
733,2023-01-04,-2.7,15.7,10.3,0.0,23136.5,
734,2023-01-05,-2.7,1.8,10.1,0.0,26129.2,
735,2023-01-06,-3.0,5.3,5.5,0.0,25107.9,
736,2023-01-07,2.4,4.9,3.8,0.0,37482.2,
737,2023-01-08,5.5,6.5,4.4,0.0,35708.2,
738,2023-01-09,4.2,6.3999999999999995,3.6,0.0,21464.0,
739,2023-01-10,2.6,0.9,3.0,0.0,23875.3,
740,2023-01-11,5.0,0.8999999999999999,5.8,0.0,33277.3,
741,2023-01-12,4.0,0.7000000000000001,4.6,0.0,33381.6,
742,2023-01-13,3.8,4.1,5.2,0.0,40652.6,
743,2023-01-14,2.2,2.4,4.7,0.0,44150.2,
744,2023-01-15,1.1,4.5,5.2,0.0,39744.6,
745,2023-01-16,1.1,0.2,4.0,0.0,16729.5,
746,2023-01-17,1.7,2.5,5.9,0.0,21496.0,
747,2023-01-18,1.1,2.1,4.9,0.0,24212.1,
748,2023-01-19,0.2,0.7,2.4,0.0,22328.7,
749,2023-01-20,-1.1,0.0,3.5,0.0,65038.3,
750,2023-01-21,-7.1,0.0,2.5,0.0,53649.7,
751,2023-01-22,-5.7,0.2,3.3,0.0,31459.5,
752,2023-01-23,-0.5,0.1,3.3,0.0,19332.8,
753,2023-01-24,2.0,0.0,2.9,0.0,25533.3,
754,2023-01-25,4.6,0.0,3.0,0.0,31713.5,
755,2023-01-26,4.7,0.0,3.7,0.0,21087.8,
756,2023-01-27,-0.6,0.0,1.6,0.0,33461.3,
757,2023-01-28,-0.7,0.0,2.6,0.0,48632.6,
758,2023-01-29,4.4,0.0,4.3,0.0,33475.8,
759,2023-01-30,6.9,0.0,5.9,0.0,13208.9,
760,2023-01-31,0.7,0.4,2.5,0.0,19953.4,
761,2023-02-01,-1.2,0.0,3.9,0.0,21185.1,
762,2023-02-02,-0.6,0.0,2.5,0.0,19776.9,
763,2023-02-03,-1.9,0.2,6.5,0.0,30467.0,
764,2023-02-04,-1.3,0.0,3.0,0.0,53244.5,
765,2023-02-05,0.4,0.4,3.2,0.0,30972.2,
766,2023-02-06,-1.3,0.0,1.9,0.0,16370.4,
767,2023-02-07,-0.2,0.0,1.6,0.0,21008.9,
768,2023-02-08,4.2,0.0,7.9,0.0,27162.4,
769,2023-02-09,5.9,0.1,8.3,0.0,24880.9,
770,2023-02-10,1.2,0.2,8.3,0.0,38452.6,
771,2023-02-11,9.0,0.0,6.0,0.0,37805.1,
772,2023-02-12,5.5,0.0,2.8,0.0,31042.9,
773,2023-02-13,9.9,0.0,3.4,0.0,13960.2,
774,2023-02-14,1.1,0.0,2.1,0.0,36265.3,
775,2023-02-15,2.1,0.0,3.0,0.0,25227.6,
776,2023-02-16,4.1,0.1,4.8,0.0,35478.5,
777,2023-02-17,4.6,9.7,6.9,0.0,37220.5,
778,2023-02-18,6.0,0.0,5.3,0.0,38277.4,
779,2023-02-19,3.4,0.1,2.6,0.0,26045.5,
780,2023-02-20,8.7,3.9,6.2,0.0,15927.5,
781,2023-02-21,6.6,0.0,6.6,0.0,16768.3,
782,2023-02-22,1.5,5.3,4.1,0.0,20609.0,
783,2023-02-23,4.3,1.2000000000000002,3.2,0.0,22295.9,
784,2023-02-24,2.6,2.8,6.9,0.0,35891.8,
785,2023-02-25,3.4,0.0,7.1,0.0,30799.8,
786,2023-02-26,5.5,0.0,5.3,0.0,29740.9,
787,2023-02-27,9.2,0.0,2.3,0.0,14219.1,
788,2023-02-28,8.7,0.0,4.4,0.0,18075.7,
789,2023-03-01,8.5,0.0,3.8,152.0,14276.4,
790,2023-03-02,6.6,0.0,3.3,110.0,20511.5,
791,2023-03-03,7.7,0.0,8.2,188.0,27498.9,
792,2023-03-04,2.9,0.0,6.3,251.0,21152.8,
793,2023-03-05,3.9,0.0,7.0,222.0,20792.3,
794,2023-03-06,1.4,0.0,4.2,164.0,12596.5,
795,2023-03-07,-1.7,0.0,4.6,68.0,12380.8,
796,2023-03-08,0.6,0.9,4.1,134.0,19670.7,
797,2023-03-09,-1.3,0.2,4.9,159.0,16680.4,
798,2023-03-10,-0.6,0.0,3.3,146.0,39542.8,
799,2023-03-11,0.8,0.0,4.6,294.0,34013.8,
800,2023-03-12,1.5,0.0,4.4,69.0,24319.0,
801,2023-03-13,-0.4,11.6,6.6,0.0,11328.3,
802,2023-03-14,4.3,0.0,3.6,159.0,11877.2,
803,2023-03-15,6.0,0.0,5.2,183.0,21690.3,
804,2023-03-16,3.3,1.0,5.2,0.0,18593.6,
805,2023-03-17,3.0,8.200000000000001,4.5,0.0,30604.9,
806,2023-03-18,7.5,0.0,2.9,153.0,21585.4,
807,2023-03-19,4.1,0.4,2.8,0.0,24889.9,
808,2023-03-20,7.0,0.0,5.3,83.0,18105.5,
809,2023-03-21,2.9,4.5,3.5,0.0,18079.2,
810,2023-03-22,5.1,7.4,3.7,0.0,24137.8,
811,2023-03-23,5.3,5.1,3.8,0.0,16586.9,
812,2023-03-24,5.1,2.2,4.0,0.0,36265.5,
813,2023-03-25,3.2,1.0,6.0,2.0,36548.9,
814,2023-03-26,1.9,0.2,4.9,266.0,29472.8,
815,2023-03-27,1.6,0.0,5.9,190.0,10522.8,
816,2023-03-28,1.9,3.6,3.6,46.0,14305.3,
817,2023-03-29,2.3,3.9,6.9,167.0,17657.3,
818,2023-03-30,0.7,0.0,4.6,0.0,26663.2,
819,2023-03-31,5.4,0.0,6.2,271.0,27402.1,
820,2023-04-01,7.0,0.0,4.7,406.0,27563.3,
821,2023-04-02,8.6,0.0,2.5,288.0,27664.0,
822,2023-04-03,7.0,0.0,3.3,177.0,22372.5,
823,2023-04-04,10.1,0.0,3.7,177.0,14155.9,
824,2023-04-05,10.6,0.0,4.4,219.0,18153.5,
825,2023-04-06,2.8,1.3,4.7,0.0,9454.8,
826,2023-04-07,8.1,0.0,3.7,284.0,16204.9,
827,2023-04-08,12.3,0.0,3.4,356.0,11450.2,
828,2023-04-09,11.2,0.0,4.0,65.0,18576.7,
829,2023-04-10,8.2,0.1,3.4,0.0,27484.0,
830,2023-04-11,7.2,4.300000000000001,5.2,0.0,13062.5,
831,2023-04-12,10.4,0.1,5.0,36.0,22426.2,
832,2023-04-13,9.4,0.1,6.1,9.0,37064.3,
833,2023-04-14,8.3,14.1,5.8,0.0,37249.7,
834,2023-04-15,6.6,3.1999999999999997,5.6,0.0,29076.0,
835,2023-04-16,10.0,0.0,4.1,0.0,29038.3,
836,2023-04-17,14.4,0.0,5.0,226.0,21279.7,
837,2023-04-18,15.8,0.0,4.4,262.0,21341.1,
838,2023-04-19,16.9,0.0,4.5,263.0,31425.9,
839,2023-04-20,18.7,0.0,3.6,265.0,49837.9,
840,2023-04-21,18.5,0.0,3.5,327.0,44060.8,
841,2023-04-22,19.0,0.0,4.4,329.0,60408.7,
842,2023-04-23,8.9,0.0,5.4,0.0,27832.7,
843,2023-04-24,4.5,13.6,9.1,0.0,16279.4,
844,2023-04-25,3.5,6.6,8.3,0.0,19414.3,
845,2023-04-26,6.1,0.2,5.7,126.0,16988.7,
846,2023-04-27,10.4,0.0,6.2,264.0,24769.1,
847,2023-04-28,10.4,0.0,3.7,195.0,42223.7,
848,2023-04-29,9.0,0.7,6.9,347.0,35472.8,
849,2023-04-30,10.5,0.0,5.9,221.0,32622.0,
850,2023-05-01,6.9,0.6,4.1,60.0,38826.6,
851,2023-05-02,12.1,0.0,6.5,130.0,23792.3,
852,2023-05-03,11.2,0.0,5.7,70.0,24359.7,
853,2023-05-04,9.3,0.0,6.1,185.0,38203.2,
854,2023-05-05,12.4,0.0,5.1,360.0,42237.2,
855,2023-05-06,12.6,0.0,4.3,482.0,43689.3,
856,2023-05-07,14.4,0.0,4.5,364.0,48910.1,
857,2023-05-08,14.7,0.0,6.6,211.0,27529.6,
858,2023-05-09,14.5,0.0,7.0,137.0,23727.2,
859,2023-05-10,18.9,0.0,6.4,280.0,28305.8,
860,2023-05-11,14.9,0.0,4.4,0.0,28092.6,
861,2023-05-12,21.2,0.0,3.9,183.0,40481.7,
862,2023-05-13,21.2,0.0,4.9,421.0,35306.2,
863,2023-05-14,22.1,0.0,5.9,297.0,41055.8,
864,2023-05-15,20.8,0.30000000000000004,5.1,75.0,28684.7,
865,2023-05-16,17.0,2.6999999999999997,6.9,250.0,20053.8,
866,2023-05-17,15.1,0.0,5.9,300.0,0.0,
867,2023-05-18,15.8,0.0,4.2,303.0,53313.0,
868,2023-05-19,15.5,0.0,4.7,374.0,28261.2,
869,2023-05-20,20.5,0.0,3.5,500.0,33165.6,
870,2023-05-21,22.9,0.0,2.7,365.0,35450.9,
871,2023-05-22,23.3,0.2,3.4,142.0,20339.6,
872,2023-05-23,17.1,3.3000000000000003,6.1,77.0,21917.6,
873,2023-05-24,19.4,0.0,5.5,168.0,36151.8,
874,2023-05-25,16.7,0.0,8.5,279.0,34159.5,
875,2023-05-26,17.1,0.0,5.1,385.0,39042.6,
876,2023-05-27,18.4,0.7999999999999999,5.4,136.0,32731.9,
877,2023-05-28,17.0,0.0,6.7,271.0,35373.7,
878,2023-05-29,16.2,0.0,4.3,278.0,49129.9,
879,2023-05-30,20.4,0.0,5.5,307.0,30634.8,
880,2023-05-31,22.3,0.0,5.8,316.0,27895.2,
881,2023-06-01,16.6,0.0,6.0,338.0,36104.7,
882,2023-06-02,17.7,0.0,5.0,378.0,46928.9,
883,2023-06-03,19.9,0.0,4.1,429.0,29414.2,
884,2023-06-04,21.9,0.0,4.9,399.0,37742.4,
885,2023-06-05,22.6,0.0,4.3,342.0,26309.1,
886,2023-06-06,23.4,0.0,4.2,343.0,31513.8,
887,2023-06-07,23.7,0.0,5.4,344.0,29927.4,
888,2023-06-08,21.2,0.0,7.7,345.0,28989.9,
889,2023-06-09,22.1,0.0,4.7,406.0,33544.0,
890,2023-06-10,22.7,0.0,3.8,526.0,27409.0,
891,2023-06-11,22.6,0.0,5.0,402.0,50276.4,
892,2023-06-12,24.4,0.0,4.9,219.0,21250.5,
893,2023-06-13,26.8,0.0,3.1,295.0,25396.5,
894,2023-06-14,28.3,0.0,3.7,212.0,30074.0,
895,2023-06-15,30.3,0.0,3.5,112.0,51202.0,
896,2023-06-16,29.4,0.0,5.2,162.0,29704.3,
897,2023-06-17,30.0,0.0,3.0,475.0,40862.2,
898,2023-06-18,22.7,0.0,6.1,0.0,35549.4,
899,2023-06-19,22.9,0.0,4.3,83.0,32673.6,
900,2023-06-20,21.2,0.5,3.5,189.0,42921.0,
901,2023-06-21,22.9,15.2,3.6,2.0,38057.1,
902,2023-06-22,25.1,0.1,6.3,352.0,36995.5,
903,2023-06-23,25.5,0.0,3.9,367.0,54773.7,
904,2023-06-24,25.1,0.0,5.3,532.0,26185.7,
905,2023-06-25,26.2,0.0,3.6,412.0,47117.9,
906,2023-06-26,26.8,10.6,4.8,10.0,22421.1,
907,2023-06-27,24.7,0.1,2.9,256.0,36797.9,
908,2023-06-28,26.9,0.0,5.2,307.0,31652.4,
909,2023-06-29,24.2,0.8,4.9,0.0,36952.3,
910,2023-06-30,23.7,2.0,3.9,295.0,63552.9,
911,2023-07-01,21.1,0.0,4.5,523.0,40927.7,
912,2023-07-02,16.7,19.5,4.4,133.0,57399.6,
913,2023-07-03,19.9,1.9000000000000001,4.7,84.0,25007.2,
914,2023-07-04,17.8,0.4,3.2,32.0,28063.7,
915,2023-07-05,19.5,0.39999999999999997,4.7,139.0,39286.3,
916,2023-07-06,17.2,9.5,4.4,178.0,32096.7,
917,2023-07-07,22.5,5.5,4.8,90.0,40498.9,
918,2023-07-08,24.7,0.0,3.4,372.0,28186.6,
919,2023-07-09,27.5,0.0,4.5,358.0,47577.3,
920,2023-07-10,26.5,0.1,4.6,0.0,29803.9,
921,2023-07-11,18.3,15.7,6.8,17.0,30878.1,
922,2023-07-12,17.0,17.599999999999998,4.0,0.0,54856.9,
923,2023-07-13,20.8,4.6,6.1,258.0,32392.5,
924,2023-07-14,21.2,0.0,5.5,553.0,37257.8,
925,2023-07-15,16.4,7.7,4.2,0.0,33481.2,
926,2023-07-16,17.4,11.7,7.8,12.0,39273.5,
927,2023-07-17,18.7,0.7,6.4,151.0,29249.2,
928,2023-07-18,20.9,1.1,4.7,372.0,26063.9,
929,2023-07-19,18.9,0.7,5.0,228.0,29648.6,
930,2023-07-20,20.2,1.2999999999999998,5.3,318.0,29535.4,
931,2023-07-21,18.0,0.2,5.7,207.0,45297.5,
932,2023-07-22,16.1,3.3,3.5,137.0,49392.1,
933,2023-07-23,21.0,0.4,4.7,417.0,58774.5,
934,2023-07-24,17.8,20.4,7.0,0.0,42699.3,
935,2023-07-25,19.8,1.1,5.0,231.0,53007.7,
936,2023-07-26,18.2,0.5,5.2,299.0,40417.9,
937,2023-07-27,20.1,0.0,3.9,477.0,42173.6,
938,2023-07-28,20.8,0.0,4.2,324.0,44557.8,
939,2023-07-29,21.6,0.0,4.1,464.0,36773.4,
940,2023-07-30,20.3,3.1,4.7,137.0,50075.5,
941,2023-07-31,18.7,2.6999999999999997,3.3,137.0,38301.9,
942,2023-08-01,21.1,0.30000000000000004,3.7,107.0,41481.1,
943,2023-08-02,21.3,18.5,3.1,77.0,47045.4,
944,2023-08-03,22.9,0.4,3.6,156.0,46340.0,
945,2023-08-04,19.3,0.2,4.2,9.0,47168.6,
946,2023-08-05,20.6,3.6000000000000005,3.4,137.0,45538.3,
947,2023-08-06,18.0,2.6,3.7,0.0,45753.6,
948,2023-08-07,17.6,43.1,7.5,4.0,30212.6,
949,2023-08-08,18.3,2.9,3.3,0.0,27417.3,
950,2023-08-09,15.6,0.9,4.2,43.0,34866.9,
951,2023-08-10,18.5,0.0,2.9,75.0,45050.0,
952,2023-08-11,20.7,0.39999999999999997,5.2,208.0,38740.8,
953,2023-08-12,22.2,0.1,4.7,283.0,40830.1,
954,2023-08-13,19.6,0.1,4.7,79.0,43182.9,
955,2023-08-14,19.5,5.1,5.6,0.0,50055.5,
956,2023-08-15,18.4,4.8,3.3,4.0,49633.4,
957,2023-08-16,22.8,0.3,4.3,175.0,44630.5,
958,2023-08-17,22.8,0.0,6.3,243.0,52451.6,
959,2023-08-18,21.1,0.7,4.6,302.0,69574.0,
960,2023-08-19,18.9,4.3,4.7,0.0,56379.9,
961,2023-08-20,20.3,3.6,4.0,0.0,39385.6,
962,2023-08-21,23.6,0.0,5.7,247.0,30349.2,
963,2023-08-22,21.9,0.0,4.1,219.0,27840.1,
964,2023-08-23,21.6,5.8,4.7,117.0,37408.7,
965,2023-08-24,20.4,0.0,2.7,108.0,30622.6,
966,2023-08-25,16.1,1.4,4.5,0.0,62685.1,
967,2023-08-26,15.7,30.8,4.3,0.0,59203.1,
968,2023-08-27,18.6,18.8,5.4,91.0,37177.1,
969,2023-08-28,20.2,14.2,3.1,43.0,33350.5,
970,2023-08-29,18.5,0.0,3.9,132.0,34655.0,
971,2023-08-30,18.1,0.0,2.6,145.0,35086.9,
972,2023-08-31,19.3,0.0,2.9,60.0,71257.7,
973,2023-09-01,22.2,0.5,3.6,238.0,59708.1,
974,2023-09-02,20.5,0.1,4.0,251.0,29576.3,
975,2023-09-03,17.7,0.2,3.7,24.0,45282.1,
976,2023-09-04,24.5,0.0,4.8,234.0,28246.0,
977,2023-09-05,24.6,0.0,6.4,235.0,39388.8,
978,2023-09-06,19.1,0.0,5.3,190.0,40287.5,
979,2023-09-07,18.6,0.0,4.9,0.0,39704.8,
980,2023-09-08,17.9,0.0,2.8,0.0,49195.9,
981,2023-09-09,18.8,0.0,2.4,55.0,45967.3,
982,2023-09-10,21.9,0.1,3.1,214.0,37466.3,
983,2023-09-11,17.7,0.5,5.8,0.0,24866.1,
984,2023-09-12,20.6,0.0,4.4,208.0,51681.7,
985,2023-09-13,16.7,0.0,6.8,194.0,41826.3,
986,2023-09-14,14.1,0.30000000000000004,4.2,23.0,31247.6,
987,2023-09-15,16.4,4.9,3.9,0.0,53802.6,
988,2023-09-16,14.9,1.5,3.8,6.0,49660.6,
989,2023-09-17,15.0,0.0,4.6,250.0,49764.8,
990,2023-09-18,16.0,23.2,6.1,0.0,21393.2,
991,2023-09-19,16.3,0.7,7.1,86.0,44527.6,
992,2023-09-20,16.2,0.7,4.2,0.0,36948.2,
993,2023-09-21,17.7,14.200000000000001,6.3,0.0,38206.7,
994,2023-09-22,16.0,4.8,3.2,215.0,78728.0,
995,2023-09-23,16.7,0.0,3.8,323.0,61566.3,
996,2023-09-24,15.0,0.1,5.1,121.0,71763.1,
997,2023-09-25,15.4,0.1,7.2,0.0,44569.7,
998,2023-09-26,16.8,0.0,3.8,74.0,58482.2,
999,2023-09-27,18.6,0.0,3.6,129.0,42753.7,
1000,2023-09-28,16.5,1.6,4.7,0.0,49980.6,
1001,2023-09-29,16.2,0.0,5.1,105.0,85775.4,
1002,2023-09-30,18.6,0.0,5.1,260.0,59243.1,
1003,2023-10-01,14.3,0.0,2.9,0.0,54712.3,
1004,2023-10-02,16.1,0.0,2.9,0.0,24606.2,
1005,2023-10-03,14.3,0.0,2.3,0.0,23020.3,
1006,2023-10-04,16.7,0.0,6.2,0.0,40027.3,
1007,2023-10-05,13.3,0.1,3.5,0.0,31813.8,
1008,2023-10-06,15.0,0.1,7.0,0.0,35900.7,
1009,2023-10-07,11.9,0.0,5.3,0.0,36723.7,
1010,2023-10-08,11.1,0.0,3.9,0.0,44840.1,
1011,2023-10-09,8.5,0.0,2.8,0.0,16270.3,
1012,2023-10-10,13.3,4.7,3.9,0.0,29415.9,
1013,2023-10-11,14.2,0.0,7.6,0.0,22991.0,
1014,2023-10-12,13.2,0.0,8.1,0.0,20841.3,
1015,2023-10-13,9.7,10.4,3.6,0.0,53170.6,
1016,2023-10-14,11.4,0.0,7.3,0.0,33709.0,
1017,2023-10-15,11.0,0.0,5.8,0.0,41559.2,
1018,2023-10-16,9.1,0.0,3.9,0.0,29502.9,
1019,2023-10-17,11.9,0.0,5.0,0.0,23228.8,
1020,2023-10-18,9.2,0.0,4.0,0.0,30003.7,
1021,2023-10-19,3.8,0.0,6.5,0.0,27008.5,
1022,2023-10-20,4.1,0.0,8.9,0.0,50623.8,
1023,2023-10-21,2.7,1.9000000000000001,8.8,0.0,33250.3,
1024,2023-10-22,4.1,0.5,5.2,0.0,31173.4,
1025,2023-10-23,8.3,0.0,3.9,0.0,13474.6,
1026,2023-10-24,6.5,0.0,4.5,0.0,28831.6,
1027,2023-10-25,3.0,0.0,7.3,0.0,46485.6,
1028,2023-10-26,3.3,0.0,5.0,0.0,31475.1,
1029,2023-10-27,1.9,0.0,4.5,0.0,67928.4,
1030,2023-10-28,2.1,0.0,4.3,0.0,34949.9,
1031,2023-10-29,1.4,0.0,7.5,0.0,32624.8,
1032,2023-10-30,0.6,6.5,9.2,0.0,38014.0,
1033,2023-10-31,0.9,0.9,8.9,0.0,49905.4,
1034,2023-11-01,1.0,0.2,4.7,0.0,45766.7,
1035,2023-11-02,2.6,9.0,10.0,0.0,42638.8,
1036,2023-11-03,4.3,5.0,8.6,0.0,57937.1,
1037,2023-11-04,4.8,0.2,7.4,0.0,63944.5,
1038,2023-11-05,5.2,0.6,5.5,0.0,58175.8,
1039,2023-11-06,5.6,12.5,5.3,0.0,35056.3,
1040,2023-11-07,5.3,2.6999999999999997,4.7,0.0,30261.1,
1041,2023-11-08,4.1,0.0,2.4,0.0,48045.0,
1042,2023-11-09,4.2,1.2000000000000002,7.2,0.0,50769.5,
1043,2023-11-10,4.4,0.0,4.7,0.0,67662.2,
1044,2023-11-11,3.2,0.1,5.4,0.0,46659.9,
1045,2023-11-12,2.0,0.0,6.2,0.0,59335.2,
1046,2023-11-13,0.2,0.0,5.5,0.0,33734.6,
1047,2023-11-14,0.4,0.0,6.1,0.0,60746.8,
1048,2023-11-15,-2.6,0.0,4.4,0.0,35529.9,
1049,2023-11-16,-2.4,0.0,4.0,0.0,59719.4,
1050,2023-11-17,-2.8,0.0,3.2,0.0,64741.4,
1051,2023-11-18,-5.6,0.0,3.1,0.0,72979.2,
1052,2023-11-19,-3.7,0.7000000000000001,5.9,0.0,66398.7,
1053,2023-11-20,-0.5,0.2,3.7,0.0,38195.2,
1054,2023-11-21,-0.6,0.0,4.1,0.0,54562.7,
1055,2023-11-22,5.7,0.0,7.7,0.0,40530.8,
1056,2023-11-23,6.4,0.0,9.2,0.0,57558.5,
1057,2023-11-24,2.3,0.0,7.0,0.0,57811.0,
1058,2023-11-25,2.1,0.1,5.0,0.0,60801.9,
1059,2023-11-26,0.3,0.0,3.8,0.0,58907.8,
1060,2023-11-27,-2.5,0.30000000000000004,7.0,0.0,30136.0,
1061,2023-11-28,-3.7,0.6000000000000001,7.7,0.0,51298.1,
1062,2023-11-29,-1.0,0.9,9.0,0.0,36785.7,
1063,2023-11-30,-1.6,0.1,5.6,0.0,50100.1,
1064,2023-12-01,-4.5,0.0,3.5,0.0,52068.2,
1065,2023-12-02,-7.2,0.0,4.0,0.0,38303.4,
1066,2023-12-03,-8.6,0.0,3.7,0.0,39691.3,
1067,2023-12-04,-9.9,0.0,2.8,0.0,20949.4,
1068,2023-12-05,-10.2,0.0,3.4,0.0,43042.6,
1069,2023-12-06,-7.7,0.9,3.0,0.0,22048.5,
1070,2023-12-07,-4.4,0.4,3.6,0.0,41917.8,
1071,2023-12-08,-1.0,0.30000000000000004,5.7,0.0,90128.2,
1072,2023-12-09,1.1,3.3000000000000003,4.5,0.0,41581.9,
1073,2023-12-10,-0.1,0.7000000000000001,5.7,0.0,32211.4,
1074,2023-12-11,-0.3,0.5,7.6,0.0,23474.8,
1075,2023-12-12,-0.4,0.0,3.5,0.0,26703.1,
1076,2023-12-13,-3.8,0.0,3.6,0.0,46479.4,
1077,2023-12-14,-4.9,0.1,2.9,0.0,54386.6,
1078,2023-12-15,-3.7,0.0,2.0,0.0,59862.7,
1079,2023-12-16,8.8,0.0,5.2,0.0,32715.4,
1080,2023-12-17,3.6,0.0,2.8,0.0,37662.4,
1081,2023-12-18,3.9,1.1,2.4,0.0,0.0,
1082,2023-12-19,3.0,0.0,4.2,0.0,0.0,
1083,2023-12-20,-0.2,0.0,2.2,0.0,0.0,
1084,2023-12-21,-1.4,0.0,4.6,0.0,0.0,
1085,2023-12-22,-1.1,0.0,5.1,0.0,0.0,
1086,2023-12-23,-4.4,0.0,3.4,0.0,0.0,
1087,2023-12-24,-7.5,0.0,2.5,0.0,0.0,
1088,2023-12-25,0.0,0.0,0.0,0.0,0.0,
1089,2023-12-26,0.0,0.0,0.0,0.0,0.0,
1090,2023-12-27,0.0,0.0,0.0,0.0,0.0,
1091,2023-12-28,0.0,0.0,0.0,0.0,0.0,
1092,2023-12-29,0.0,0.0,0.0,0.0,0.0,
1093,2023-12-30,0.0,0.0,0.0,0.0,0.0,
1094,2023-12-31,0.0,0.0,0.0,0.0,0.0,
1095,2024-01-01,0.0,0.0,0.0,0.0,0.0,
1096,2024-01-02,0.0,0.0,0.0,0.0,0.0,
1097,2024-01-03,0.0,0.0,0.0,0.0,0.0,
1098,2024-01-04,0.0,0.0,0.0,0.0,0.0,
1099,2024-01-05,0.0,0.0,0.0,0.0,0.0,
1100,2024-01-06,0.0,0.0,0.0,0.0,0.0,
1101,2024-01-07,0.0,0.0,0.0,0.0,0.0,
1102,2024-01-08,0.0,0.0,0.0,0.0,0.0,
1103,2024-01-09,0.0,0.0,0.0,0.0,0.0,
1104,2024-01-10,0.0,0.0,0.0,0.0,0.0,
1105,2024-01-11,0.0,0.0,0.0,0.0,0.0,
1106,2024-01-12,0.0,0.0,0.0,0.0,0.0,
1107,2024-01-13,0.0,0.0,0.0,0.0,0.0,
1108,2024-01-14,0.0,0.0,0.0,0.0,0.0,
1109,2024-01-15,0.0,0.0,0.0,0.0,0.0,
1110,2024-01-16,0.0,0.0,0.0,0.0,0.0,
1111,2024-01-17,0.0,0.0,0.0,0.0,0.0,
1112,2024-01-18,0.0,0.0,0.0,0.0,0.0,
1113,2024-01-19,0.0,0.0,0.0,0.0,0.0,
1114,2024-01-20,0.0,0.0,0.0,0.0,0.0,
1115,2024-01-21,0.0,0.0,0.0,0.0,0.0,
1116,2024-01-22,0.0,0.0,0.0,0.0,0.0,
1117,2024-01-23,0.0,0.0,0.0,0.0,0.0,
1118,2024-01-24,0.0,0.0,0.0,0.0,0.0,
1119,2024-01-25,0.0,0.0,0.0,0.0,0.0,
1120,2024-01-26,0.0,0.0,0.0,0.0,0.0,
1121,2024-01-27,0.0,0.0,0.0,0.0,0.0,
1122,2024-01-28,0.0,0.0,0.0,0.0,0.0,
1123,2024-01-29,0.0,0.0,0.0,0.0,0.0,
1124,2024-01-30,0.0,0.0,0.0,0.0,0.0,
1125,2024-01-31,0.0,0.0,0.0,0.0,0.0,
1126,2024-02-01,0.0,0.0,0.0,0.0,0.0,
1127,2024-02-02,0.0,0.0,0.0,0.0,0.0,
1128,2024-02-03,0.0,0.0,0.0,0.0,0.0,
1129,2024-02-04,0.0,0.0,0.0,0.0,0.0,
1130,2024-02-05,0.0,0.0,0.0,0.0,0.0,
1131,2024-02-06,0.0,0.0,0.0,0.0,0.0,
1132,2024-02-07,0.0,0.0,0.0,0.0,0.0,
