ds,residuals
2021-01-01,-5850.07029520359
2021-01-02,-9303.258329474413
2021-01-03,12233.676689786886
2021-01-04,1133.519452702576
2021-01-05,329.57784032381096
2021-01-06,1088.408065405325
2021-01-07,-960.4378315823833
2021-01-08,-6212.869035535761
2021-01-09,-5706.961729570399
2021-01-10,14820.7
2021-01-11,8884.575639162744
2021-01-12,8805.43034436608
2021-01-13,5973.693230924804
2021-01-14,4525.910007327653
2021-01-15,-3592.7452516584362
2021-01-16,-952.411909562159
2021-01-17,11604.8
2021-01-18,8384.8
2021-01-19,7349.391524082741
2021-01-20,9555.825394935553
2021-01-21,5716.850140760065
2021-01-22,781.3708762199694
2021-01-23,-5418.1182818137395
2021-01-24,12373.8
2021-01-25,6365.737530048547
2021-01-26,2094.072155044196
2021-01-27,1447.0793207357792
2021-01-28,-2180.1452642827953
2021-01-29,-8747.553425218532
2021-01-30,-8150.076635306379
2021-01-31,10526.1
2021-02-01,-1002.6764771534063
2021-02-02,-1515.6141650774643
2021-02-03,529.8176347140216
2021-02-04,-5564.864347124032
2021-02-05,-7076.468448622511
2021-02-06,-8107.202976048275
2021-02-07,11253.449850679024
2021-02-08,-1815.5634071976847
2021-02-09,-1776.3558002852842
2021-02-10,-1177.566071690102
2021-02-11,-5361.602249859712
2021-02-12,-11227.878691107455
2021-02-13,-9370.590405561927
2021-02-14,4477.850275756095
2021-02-15,-5885.9863968134105
2021-02-16,-4830.217888952557
2021-02-17,-8475.984935049244
2021-02-18,-11959.86817779507
2021-02-19,-11040.199090625647
2021-02-20,-14138.306247674835
2021-02-21,19651.380706250206
2021-02-22,-591.2291441694942
2021-02-23,-2461.50885466854
2021-02-24,-5257.288189518107
2021-02-25,-2974.496058666409
2021-02-26,-1400.982778054913
2021-02-27,225.81675431838448
2021-02-28,23146.260971744363
2021-03-01,-1053.786197499452
2021-03-02,-7916.705924209149
2021-03-03,-5036.936068491492
2021-03-04,-6883.713844140257
2021-03-05,-15714.791890764149
2021-03-06,-15160.101360535562
2021-03-07,15424.824096042308
2021-03-08,-9248.573106182492
2021-03-09,-9101.746501628748
2021-03-10,-5780.961155652523
2021-03-11,-6570.971364606585
2021-03-12,-14380.977043818737
2021-03-13,-12274.12946893579
2021-03-14,15398.815280462308
2021-03-15,-1025.9647646736557
2021-03-16,-1124.5787361644361
2021-03-17,-2349.230653867984
2021-03-18,-2599.206845229626
2021-03-19,-10254.459495852938
2021-03-20,-7157.830696866949
2021-03-21,14614.457396681431
2021-03-22,803.8446375198728
2021-03-23,529.5998509522797
2021-03-24,2328.1170820107964
2021-03-25,-2402.775229893772
2021-03-26,-4531.705824493878
2021-03-27,-9040.294426769422
2021-03-28,11607.849517864695
2021-03-29,-1219.4356094058585
2021-03-30,286.80563001823975
2021-03-31,-4412.446432246914
2021-04-01,-3582.1750492589817
2021-04-02,-9802.819561556324
2021-04-03,-14493.92001688913
2021-04-04,10625.372583055698
2021-04-05,4251.118166846358
2021-04-06,-5061.417182705096
2021-04-07,-3914.014500506175
2021-04-08,-8582.949650380056
2021-04-09,-14800.037765046593
2021-04-10,-11324.351115281235
2021-04-11,11685.920820383406
2021-04-12,-5488.427307193528
2021-04-13,-6579.060921728882
2021-04-14,-4071.291306622783
2021-04-15,-5793.62055467933
2021-04-16,-14487.06133764502
2021-04-17,-7546.028913402912
2021-04-18,19595.435017391457
2021-04-19,-1520.8286315091846
2021-04-20,-3232.6303973028353
2021-04-21,-10955.873259852886
2021-04-22,-9811.165890845145
2021-04-23,-13029.724401486084
2021-04-24,-11994.006881790563
2021-04-25,13146.993608148425
2021-04-26,-4623.904223090063
2021-04-27,-7252.291032354302
2021-04-28,-5467.451820015505
2021-04-29,-9373.931554796503
2021-04-30,-8851.207179779281
2021-05-01,-3525.8175646734526
2021-05-02,16094.673255566617
2021-05-03,-7285.982886775895
2021-05-04,-3249.2427710472184
2021-05-05,-6283.0485352371215
2021-05-06,-9424.647823556132
2021-05-07,-10754.372891855714
2021-05-08,-11094.28085290335
2021-05-09,9593.533422473696
2021-05-10,-8732.882099445624
2021-05-11,-7021.512703478795
2021-05-12,-7868.899580291038
2021-05-13,-85.12443931807866
2021-05-14,-13889.569530114037
2021-05-15,-18917.1950847357
2021-05-16,20317.241849278988
2021-05-17,-2579.0735868539086
2021-05-18,77.77553531400918
2021-05-19,-8451.318184483735
2021-05-20,-10819.406136837235
2021-05-21,-10686.947601727916
2021-05-22,-17591.238202799614
2021-05-23,3966.4228454044496
2021-05-24,2318.272058950679
2021-05-25,-10498.905356308253
2021-05-26,-11202.521698744857
2021-05-27,4493.489167679458
2021-05-28,19846.753557399454
2021-05-29,25131.20117008676
2021-05-30,40346.24409362894
2021-05-31,-2809.7101709712515
2021-06-01,24869.660026139176
2021-06-02,-31613.776816096
2021-06-03,-1089.7833598617945
2021-06-04,13451.452091881249
2021-06-05,7755.858930918577
2021-06-06,21318.28824682572
2021-06-07,-4801.94976892402
2021-06-08,-7230.65064113984
2021-06-09,7713.635076962295
2021-06-10,671.7189741447
2021-06-11,18512.10175639142
2021-06-12,-4005.625555942155
2021-06-13,19183.87258135359
2021-06-14,-13086.51423830619
2021-06-15,-4834.881459364635
2021-06-16,-9360.090111364574
2021-06-17,-6318.403135430926
2021-06-18,11787.510089493895
2021-06-19,19001.55997288735
2021-06-20,5594.990599968223
2021-06-21,-6893.998724170924
2021-06-22,-5133.470876331638
2021-06-23,-3437.6030811649325
2021-06-24,-7601.191346030322
2021-06-25,27005.61685804963
2021-06-26,10133.818472146399
2021-06-27,12024.350481342066
2021-06-28,-1585.6154480921032
2021-06-29,436.5099437523313
2021-06-30,-5416.533487772049
2021-07-01,-2879.812738775363
2021-07-02,11482.036996728923
2021-07-03,-275.7067092906291
2021-07-04,16762.750740980176
2021-07-05,-5182.4588726604525
2021-07-06,-8781.59400032748
2021-07-07,1090.895797479985
2021-07-08,-3698.9537890230167
2021-07-09,-4322.473051626133
2021-07-10,-13347.615471765654
2021-07-11,19982.20954669742
2021-07-12,-2860.767839962933
2021-07-13,4280.2398666220615
2021-07-14,9.423434901531436
2021-07-15,-2348.663926373585
2021-07-16,-1876.446428970543
2021-07-17,-738.2047663684716
2021-07-18,17855.78411682707
2021-07-19,5467.248792202892
2021-07-20,408.81528991577215
2021-07-21,5059.930066384717
2021-07-22,-2869.3995429736024
2021-07-23,7646.807472072222
2021-07-24,1021.68449581389
2021-07-25,18095.039866173014
2021-07-26,-88.5086003479446
2021-07-27,-14526.944657669039
2021-07-28,-6032.804511735241
2021-07-29,-13878.383424874432
2021-07-30,4488.55108712551
2021-07-31,2304.8597494868372
2021-08-01,7984.157242142246
2021-08-02,-7.87888426965219
2021-08-03,-519.6999343493953
2021-08-04,-40.642833682541095
2021-08-05,10909.275193773909
2021-08-06,10990.77914238054
2021-08-07,8942.000087399792
2021-08-08,18154.764664268198
2021-08-09,2731.972228726576
2021-08-10,5494.405693414381
2021-08-11,13542.38271931195
2021-08-12,1348.2289340330535
2021-08-13,-2192.9426126998515
2021-08-14,27934.51056760318
2021-08-15,17569.04007929169
2021-08-16,-276.8769600818632
2021-08-17,1177.5085596827485
2021-08-18,-3707.100644579812
2021-08-19,10828.55274201939
2021-08-20,11661.487843593844
2021-08-21,18848.35795444953
2021-08-22,23217.66564775718
2021-08-23,-4801.677997542236
2021-08-24,-10785.55463805102
2021-08-25,-6327.593598422747
2021-08-26,-3479.9949058790735
2021-08-27,3738.9673382844703
2021-08-28,28455.020652078376
2021-08-29,32480.926532228477
2021-08-30,1489.6703877476903
2021-08-31,32273.60354363273
2021-09-01,-35414.62950687656
2021-09-02,9008.868073366437
2021-09-03,8021.221559794751
2021-09-04,28116.858467476137
2021-09-05,19236.48924074877
2021-09-06,-12710.973860920683
2021-09-07,-5501.415503740005
2021-09-08,14387.061663117966
2021-09-09,6236.479188587575
2021-09-10,16056.242356251489
2021-09-11,6237.761932211739
2021-09-12,23661.695436054175
2021-09-13,890.6016132441728
2021-09-14,806.6918592037837
2021-09-15,-360.0239415964643
2021-09-16,5576.476412865188
2021-09-17,1514.7623681170735
2021-09-18,18567.98160814609
2021-09-19,16988.618956844053
2021-09-20,-10075.807278321252
2021-09-21,-3396.0400470708482
2021-09-22,3258.7836158220016
2021-09-23,1035.465024281977
2021-09-24,505.05514835390204
2021-09-25,28751.04611544381
2021-09-26,12677.920468695367
2021-09-27,-7481.224426411383
2021-09-28,2785.1526415131557
2021-09-29,-6357.698513917985
2021-09-30,-4966.59995725955
2021-10-01,-9328.134115896595
2021-10-02,5853.295579137237
2021-10-03,1623.841928567177
2021-10-04,-8531.923299245947
2021-10-05,-5729.807034832389
2021-10-06,-593.0690367874959
2021-10-07,-9803.093771162163
2021-10-08,4226.165841242539
2021-10-09,8779.586145766189
2021-10-10,10780.662301499819
2021-10-11,-15709.166866978689
2021-10-12,-5369.107660403457
2021-10-13,-2810.4420407511716
2021-10-14,46424.581418083
2021-10-15,-44211.920572172385
2021-10-16,12019.343527298115
2021-10-17,21441.10030237644
2021-10-18,-6615.081194879669
2021-10-19,-10683.84440107719
2021-10-20,-5954.260760741039
2021-10-21,-7137.1250121189805
2021-10-22,3214.7530608839297
2021-10-23,10877.215817763892
2021-10-24,12506.258097947633
2021-10-25,-12726.141072153227
2021-10-26,-3537.062787532155
2021-10-27,-2844.0641675887164
2021-10-28,-4557.282093413942
2021-10-29,2638.001587471481
2021-10-30,10447.32510144663
2021-10-31,8863.438918231797
2021-11-01,-8153.53779506663
2021-11-02,-3912.999583571189
2021-11-03,-4526.700118236815
2021-11-04,-5065.002409631532
2021-11-05,1970.6761052975344
2021-11-06,10432.766961655783
2021-11-07,7689.485702867307
2021-11-08,-7946.834088059826
2021-11-09,-14869.756835792683
2021-11-10,-9722.000003296864
2021-11-11,-10402.742665845843
2021-11-12,51940.602982172044
2021-11-13,-40784.50135547565
2021-11-14,14361.775777451425
2021-11-15,-3498.6144365988876
2021-11-16,-5752.987384306725
2021-11-17,-2494.4476601426795
2021-11-18,-5111.7664538284735
2021-11-19,5484.869655660383
2021-11-20,10793.293179222928
2021-11-21,14032.346187063806
2021-11-22,-8235.17722723295
2021-11-23,-5676.946773045591
2021-11-24,-5946.869162785577
2021-11-25,-1893.3389463788844
2021-11-26,-7898.184879938606
2021-11-27,-4875.357736904312
2021-11-28,13673.013246288796
2021-11-29,-11909.1079340235
2021-11-30,-7233.07305542591
2021-12-01,-9084.357199113896
2021-12-02,-7095.878346799262
2021-12-03,-2579.351885729782
2021-12-04,-3972.3142072342453
2021-12-05,-521.2427021032163
2021-12-06,-12714.82551618277
2021-12-07,-12062.214011543816
2021-12-08,-11386.58165443482
2021-12-09,-15935.69200139532
2021-12-10,-7948.721613496375
2021-12-11,-6582.421715003169
2021-12-12,8875.265425270292
2021-12-13,3754.20765458218
2021-12-14,5422.061249932864
2021-12-15,4981.184491839984
2021-12-16,7543.855242152138
2021-12-17,6007.33617237836
2021-12-18,781.0673392797253
2021-12-19,-635.3101198232325
2021-12-20,3215.66421883781
2021-12-21,4614.607131295659
2021-12-22,-1859.4607195482495
2021-12-23,-7986.208820244505
2021-12-24,-2277.1892503096715
2021-12-25,-611.5085430743165
2021-12-26,18145.62406448157
2021-12-27,826.7894440794826
2021-12-28,-1512.3903581132581
2021-12-29,4577.357258310918
2021-12-30,4709.952002498932
2021-12-31,-5260.1953408974005
2022-01-01,-3515.710850301948
2022-01-02,-12611.750862094112
2022-01-03,-7922.790451185236
2022-01-04,-9556.839153341189
2022-01-05,-8940.979783626583
2022-01-06,-4484.054674173924
2022-01-07,0.0
2022-01-08,0.0
2022-01-09,-5393.944646266198
2022-01-10,-12244.537169914402
2022-01-11,-13518.962602744925
2022-01-12,-12990.870423170256
2022-01-13,-15499.822242154169
2022-01-14,-23918.25148860202
2022-01-15,-22100.335793692775
2022-01-16,-2936.4864195810296
2022-01-17,-8412.21532469309
2022-01-18,-10223.473357516377
2022-01-19,-10852.151972643409
2022-01-20,-13893.164753901276
2022-01-21,-22829.30571976539
2022-01-22,-21510.25221756755
2022-01-23,-2822.605199492449
2022-01-24,-8748.778882223178
2022-01-25,-10982.341156143422
2022-01-26,-12003.49801210694
2022-01-27,-15398.236845631089
2022-01-28,-24656.84169846035
2022-01-29,-23629.122189841244
2022-01-30,-5202.2799638376855
2022-01-31,-11359.713385724288
2022-02-01,4122.011415093448
2022-02-02,3505.2307962251925
2022-02-03,388.26904884436954
2022-02-04,5265.131095787197
2022-02-05,6795.153842320673
2022-02-06,-8660.964460473606
2022-02-07,8908.911893190549
2022-02-08,-1264.961092440035
2022-02-09,1459.0955450602742
2022-02-10,12232.152409333044
2022-02-11,8865.745021946685
2022-02-12,5506.211514319442
2022-02-13,-12207.530780407264
2022-02-14,1787.1428818040295
2022-02-15,4703.43706921193
2022-02-16,6240.857579694111
2022-02-17,4269.56487109415
2022-02-18,7229.24644755444
2022-02-19,2412.9663165795573
2022-02-20,-14933.131104953485
2022-02-21,13284.6242049891
2022-02-22,14223.809672764026
2022-02-23,19381.73534269462
2022-02-24,12813.282172741154
2022-02-25,6021.221946729063
2022-02-26,-317.0822883640649
2022-02-27,-15809.556176167076
2022-02-28,7513.946706510185
2022-03-01,12303.374475552122
2022-03-02,4324.716200054616
2022-03-03,13975.72154432243
2022-03-04,9923.7524094638
2022-03-05,11911.85468604643
2022-03-06,-11991.676663286822
2022-03-07,10098.768930832437
2022-03-08,8849.02571271185
2022-03-09,-4299.763160068585
2022-03-10,1159.965931701954
2022-03-11,-5527.138808024014
2022-03-12,-2345.965726845763
2022-03-13,-9073.293761088258
2022-03-14,-1425.4432238079225
2022-03-15,1446.5196344426404
2022-03-16,2475.5838871305386
2022-03-17,-3266.050403716192
2022-03-18,615.548848974624
2022-03-19,2466.1103937655316
2022-03-20,-4935.711854458907
2022-03-21,1350.5038631341213
2022-03-22,-2180.2551355662054
2022-03-23,-448.13926582971544
2022-03-24,-2491.9195585199395
2022-03-25,1575.306715943345
2022-03-26,9548.275355443322
2022-03-27,-3316.3570263126458
2022-03-28,5221.179985930425
2022-03-29,1305.7852288619633
2022-03-30,5102.195886983558
2022-03-31,-706.530317915609
2022-04-01,-3793.692744439053
2022-04-02,3339.524052110937
2022-04-03,-7344.22092066042
2022-04-04,969.4840891836939
2022-04-05,5254.9738513313205
2022-04-06,1164.8486460390632
2022-04-07,-2212.2772163947557
2022-04-08,-2245.840351378931
2022-04-09,-1424.6617722592237
2022-04-10,-3895.161270458648
2022-04-11,13512.09631287122
2022-04-12,10565.603016234212
2022-04-13,11522.510036718879
2022-04-14,-10525.349805960717
2022-04-15,-8571.727989476218
2022-04-16,838.5270926820867
2022-04-17,0.0
2022-04-18,0.0
2022-04-19,25.31506267925397
2022-04-20,1571.1724369831063
2022-04-21,-54.28506745721279
2022-04-22,446.3751313379471
2022-04-23,2971.1506479573145
2022-04-24,-2853.4614249252627
2022-04-25,3646.6481601900596
2022-04-26,3303.102949212511
2022-04-27,10555.202645230866
2022-04-28,4050.549789722976
2022-04-29,1212.3368733869902
2022-04-30,12728.808588758424
2022-05-01,-914.8520033489949
2022-05-02,5481.97901917655
2022-05-03,-609.6673901221202
2022-05-04,987.9717009067481
2022-05-05,767.9590255512485
2022-05-06,-716.6893606738959
2022-05-07,2787.043668490878
2022-05-08,-2702.011711892039
2022-05-09,6090.390566111044
2022-05-10,2363.66823739318
2022-05-11,-2104.744446013048
2022-05-12,3301.3311694270196
2022-05-13,11045.616092699762
2022-05-14,-151.37038794544787
2022-05-15,-7024.2929183621145
2022-05-16,2892.4833760423244
2022-05-17,-11492.180552823429
2022-05-18,949.0803076379052
2022-05-19,-3916.2219679090013
2022-05-20,1283.1061273238229
2022-05-21,-1001.8118962690314
2022-05-22,-764.3605937259781
2022-05-23,2151.126288357149
2022-05-24,3205.4707449311936
2022-05-25,-363.0515336251665
2022-05-26,0.0
2022-05-27,4097.342930921586
2022-05-28,-1757.2817107448318
2022-05-29,-11339.57195253831
2022-05-30,2523.401032607664
2022-05-31,-4730.882766785815
2022-06-01,-4667.005998032881
2022-06-02,-7262.734195658344
2022-06-03,-8706.286066590674
2022-06-04,-89.8309497269347
2022-06-05,0.0
2022-06-06,0.0
2022-06-07,-5363.510203025966
2022-06-08,317.4829979392089
2022-06-09,-4883.133769685839
2022-06-10,30171.000204774085
2022-06-11,-11680.993190454496
2022-06-12,0.0
2022-06-13,-691.0059015515762
2022-06-14,-10657.066255517217
2022-06-15,-2997.4532389093292
2022-06-16,-5727.762626758118
2022-06-17,-1794.9470231713494
2022-06-18,-9923.674182548271
2022-06-19,-10311.425784018034
2022-06-20,1806.8470569261517
2022-06-21,34.081738013257564
2022-06-22,4547.267423219433
2022-06-23,-2878.314677552735
2022-06-24,7041.084195410924
2022-06-25,-2582.6671171098205
2022-06-26,-15185.33488401139
2022-06-27,3984.42212369142
2022-06-28,5229.872744850585
2022-06-29,2523.2725695997433
2022-06-30,1572.2688327065152
2022-07-01,12503.95317282588
2022-07-02,-3896.349120207513
2022-07-03,-13164.575263912815
2022-07-04,727.6191081507677
2022-07-05,-780.2160867118073
2022-07-06,-2560.0294489536172
2022-07-07,673.3151590931157
2022-07-08,-6798.402231960401
2022-07-09,-1641.0118101741718
2022-07-10,-4190.968576629126
2022-07-11,4929.3798716039455
2022-07-12,-7957.028955006499
2022-07-13,1312.27361341082
2022-07-14,-5526.50188429208
2022-07-15,-1365.1598264290296
2022-07-16,-2512.2262263221546
2022-07-17,-590.1736158051426
2022-07-18,3536.9993990727216
2022-07-19,-8776.415264647369
2022-07-20,-2311.1866156623146
2022-07-21,872.66314387284
2022-07-22,837.3309305283619
2022-07-23,-269.36693301898777
2022-07-24,-11269.770745106078
2022-07-25,850.826644332883
2022-07-26,-1742.2462251564139
2022-07-27,373.3714061014434
2022-07-28,2804.6763285483503
2022-07-29,-13498.192582651176
2022-07-30,-483.58010067344003
2022-07-31,-7071.1270954342
2022-08-01,7183.654250616695
2022-08-02,7486.991047548137
2022-08-03,8814.81817227849
2022-08-04,14163.414479342784
2022-08-05,-1161.4910861097123
2022-08-06,-4542.028713557236
2022-08-07,-14382.357290510663
2022-08-08,-4978.828243003503
2022-08-09,-8916.589445661535
2022-08-10,-1306.9245222232494
2022-08-11,2915.039591949346
2022-08-12,-1826.7121071189322
2022-08-13,-1016.6569467380177
2022-08-14,-783.9606426871542
2022-08-15,-846.6553120352364
2022-08-16,2917.6611689918027
2022-08-17,-1360.9374611140775
2022-08-18,-515.0466203919168
2022-08-19,4213.884008019617
2022-08-20,4660.81397323724
2022-08-21,0.0
2022-08-22,2221.687784005033
2022-08-23,-3376.500322273747
2022-08-24,-4125.251752008371
2022-08-25,-1347.8474530111052
2022-08-26,-8412.609397594239
2022-08-27,-4920.450074186239
2022-08-28,-9164.688043027316
2022-08-29,519.5996160851792
2022-08-30,-3937.2475800359316
2022-08-31,-2833.2660937044857
2022-09-01,-5183.622818241536
2022-09-02,-6876.933443531569
2022-09-03,-6601.428885403933
2022-09-04,-10684.186626436323
2022-09-05,-2513.679654297226
2022-09-06,4713.169488939722
2022-09-07,-1265.860797931191
2022-09-08,-2636.118736525659
2022-09-09,-2706.324802399002
2022-09-10,-7047.878273492552
2022-09-11,-5541.724932609999
2022-09-12,989.255585576735
2022-09-13,105.55817730075069
2022-09-14,699.9088622366035
2022-09-15,-2499.6312666523954
2022-09-16,-835.0064003560728
2022-09-17,-601.2962477439178
2022-09-18,-6148.9657459998925
2022-09-19,1971.6954188712498
2022-09-20,73.66992546313486
2022-09-21,1535.1499115599036
2022-09-22,-3516.1919412290445
2022-09-23,2249.7586599874776
2022-09-24,-2774.929535568721
2022-09-25,-7563.506121112043
2022-09-26,1939.8535127381256
2022-09-27,550.1443967711275
2022-09-28,133.06004516425674
2022-09-29,3555.239840152346
2022-09-30,-7194.704670838102
2022-10-01,351.6223735059684
2022-10-02,-10297.143991451296
2022-10-03,-1882.9942010049836
2022-10-04,-3612.3596112967753
2022-10-05,5557.397362115262
2022-10-06,-806.505100123697
2022-10-07,6210.67080011162
2022-10-08,-3512.423979187359
2022-10-09,-10407.490421826224
2022-10-10,2753.2589048590853
2022-10-11,813.7931110478603
2022-10-12,4894.469019739299
2022-10-13,11383.065068428397
2022-10-14,6305.1268822306665
2022-10-15,10739.87490500453
2022-10-16,-10068.620993863824
2022-10-17,2281.8022722637033
2022-10-18,678.5616097262864
2022-10-19,15848.364002475213
2022-10-20,3820.893301813896
2022-10-21,-996.5675552821776
2022-10-22,-828.5527378843253
2022-10-23,-9689.494400053172
2022-10-24,3300.2294231694923
2022-10-25,4658.671911459343
2022-10-26,2926.4233265847797
2022-10-27,-830.471244989265
2022-10-28,-7895.3565651196
2022-10-29,-8715.731087967186
2022-10-30,-12732.295163295008
2022-10-31,-14152.308152450423
2022-11-01,-848.9277195066461
2022-11-02,-1327.9829959755225
2022-11-03,-2966.8957864679796
2022-11-04,4124.544411062554
2022-11-05,-3508.314016616132
2022-11-06,-10642.79622462563
2022-11-07,-1655.061728249635
2022-11-08,6602.050752143281
2022-11-09,-4097.887401285425
2022-11-10,-2232.5203800475465
2022-11-11,49.19402747607819
2022-11-12,1067.4772339701012
2022-11-13,-11012.209527239962
2022-11-14,-627.1338906992278
2022-11-15,6796.740702916373
2022-11-16,-1744.9230670475808
2022-11-17,-2222.6272307881627
2022-11-18,6053.912758921604
2022-11-19,1898.688651135264
2022-11-20,-5472.082812233377
2022-11-21,1572.1904644331007
2022-11-22,-644.6252834532424
2022-11-23,-65.43255407618926
2022-11-24,3312.2816650932473
2022-11-25,-6789.693582244523
2022-11-26,-4421.975820187414
2022-11-27,-6500.627706815854
2022-11-28,-2009.9753200273553
2022-11-29,1689.8400668522481
2022-11-30,5346.868121065385
2022-12-01,-3066.5884546819616
2022-12-02,295.8995433621749
2022-12-03,-3089.8742015437892
2022-12-04,745.8167493085766
2022-12-05,-3832.9210499263027
2022-12-06,-11673.108217852081
2022-12-07,-7223.067409201725
2022-12-08,-1715.2553828003147
2022-12-09,-3320.9998728028622
2022-12-10,2013.8524727770855
2022-12-11,7492.461576036754
2022-12-12,-995.0634416739958
2022-12-13,246.18121236894876
2022-12-14,380.5769720842727
2022-12-15,4646.030283262069
2022-12-16,-3878.4999758263148
2022-12-17,665.4069931950507
2022-12-18,1338.8668195625032
2022-12-19,629.9592435916638
2022-12-20,903.8522265076754
2022-12-21,-229.97690963315108
2022-12-22,-47.31612490030966
2022-12-23,446.8060153826882
2022-12-24,790.04723424643
2022-12-25,0.0
2022-12-26,-4594.266771705636
2022-12-27,7274.548507234515
2022-12-28,4478.649674972516
2022-12-29,-587.7918724146257
2022-12-30,-4872.681569481127
2022-12-31,-2072.7658178584716
2023-01-01,0.0
2023-01-02,6230.65287475679
2023-01-03,3572.976252017077
2023-01-04,-1839.1347581661903
2023-01-05,1912.7414728197364
2023-01-06,6187.537841528123
2023-01-07,3154.15504198648
2023-01-08,-2804.4301390246983
2023-01-09,11305.526132575942
2023-01-10,10037.755306073102
2023-01-11,6757.220246905896
2023-01-12,11267.975953490313
2023-01-13,20789.170812292174
2023-01-14,14381.403022197395
2023-01-15,0.0
2023-01-16,13035.787378962006
2023-01-17,10587.45375842369
2023-01-18,10152.374039179693
2023-01-19,8615.532611912215
2023-01-20,8252.26223435791
2023-01-21,10772.650189689895
2023-01-22,0.0
2023-01-23,12103.595177165507
2023-01-24,16589.729047691762
2023-01-25,10607.728003829347
2023-01-26,8744.9336343676
2023-01-27,2843.463337050285
2023-01-28,7330.464206021446
2023-01-29,-925.5710292041949
2023-01-30,6604.97384748283
2023-01-31,3756.47158989174
2023-02-01,9387.823044690913
2023-02-02,3774.7537655237593
2023-02-03,6768.711923073446
2023-02-04,13332.931417526812
2023-02-05,-5818.7699421100915
2023-02-06,3831.4857739914005
2023-02-07,-279.6149982253537
2023-02-08,11032.757102651558
2023-02-09,-1109.0984717492138
2023-02-10,-2198.8586911552666
2023-02-11,-730.2294254746848
2023-02-12,-8935.257218719082
2023-02-13,35.69761076829673
2023-02-14,2036.6187660386822
2023-02-15,-3800.2734357643058
2023-02-16,1378.988450012821
2023-02-17,4534.1332212427515
2023-02-18,-12999.273046840208
2023-02-19,-12365.412585336668
2023-02-20,6851.037711887544
2023-02-21,1072.2941294398624
2023-02-22,6182.894713332065
2023-02-23,975.2541731116034
2023-02-24,-4692.866918311331
2023-02-25,-6501.7187893860755
2023-02-26,-14119.566748755105
2023-02-27,4325.658673869275
2023-02-28,-1292.7387605225704
2023-03-01,-4921.848418109355
2023-03-02,10240.265600332285
2023-03-03,9051.813000952316
2023-03-04,2885.3643306086196
2023-03-05,-11551.49302570871
2023-03-06,11073.762061369365
2023-03-07,-2125.5807509168953
2023-03-08,-3989.9198342318377
2023-03-09,4566.7117434144275
2023-03-10,-1300.0114836705689
2023-03-11,1401.8577499660605
2023-03-12,-10184.613818108699
2023-03-13,1639.9971575906384
2023-03-14,-268.08085184166157
2023-03-15,6413.475465345724
2023-03-16,-433.6515098470081
2023-03-17,-3435.691881001072
2023-03-18,2931.9479268038413
2023-03-19,-8444.248280027816
2023-03-20,2534.9830092138836
2023-03-21,14463.688014461695
2023-03-22,8516.213743568447
2023-03-23,3720.483999041222
2023-03-24,5792.434501202224
2023-03-25,6368.528549527229
2023-03-26,-3618.0057001968053
2023-03-27,5547.243387222925
2023-03-28,4988.78166625582
2023-03-29,7691.955790177966
2023-03-30,5997.434038738309
2023-03-31,3784.6589663251652
2023-04-01,-853.5709345413306
2023-04-02,-4030.212719603245
2023-04-03,9604.047067809433
2023-04-04,6137.623704052914
2023-04-05,-1654.524357185568
2023-04-06,-4027.8074608794923
2023-04-07,-9281.533587543474
2023-04-08,-7028.2154182405175
2023-04-09,0.0
2023-04-10,-1729.3552965630624
2023-04-11,9508.818393108517
2023-04-12,339.6546898510387
2023-04-13,4361.011365780287
2023-04-14,1094.8894574168298
2023-04-15,2841.7722270648665
2023-04-16,-9041.612947705536
2023-04-17,601.0137248567244
2023-04-18,1712.329784548523
2023-04-19,7205.0931656872235
2023-04-20,-435.5947660281745
2023-04-21,-211.31557290285127
2023-04-22,7973.100719314531
2023-04-23,-9157.309511002488
2023-04-24,-674.5976173623567
2023-04-25,459.67130517471014
2023-04-26,1258.411771678304
2023-04-27,2918.0045904959843
2023-04-28,6872.333580250539
2023-04-29,19475.1024657034
2023-04-30,-4249.48469479143
2023-05-01,0.0
2023-05-02,3683.4725495158054
2023-05-03,2856.614974554701
2023-05-04,740.9418193826896
2023-05-05,4112.580801057589
2023-05-06,1286.365478603937
2023-05-07,-4925.249943999574
2023-05-08,1778.1354430787542
2023-05-09,1939.2381748522093
2023-05-10,5683.818757703833
2023-05-11,251.19860179838724
2023-05-12,-8077.520292166646
2023-05-13,-172.81566262413617
2023-05-14,-1609.1142141106575
2023-05-15,1784.8588436899827
2023-05-16,9035.774586665488
2023-05-17,0.0
2023-05-18,0.0
2023-05-19,10699.22567768733
2023-05-20,944.4392251071476
2023-05-21,-2236.831524553196
2023-05-22,-593.6973198497908
2023-05-23,-3440.7861070701965
2023-05-24,6517.9638483088675
2023-05-25,7105.805778588117
2023-05-26,8464.140593356478
2023-05-27,-1971.3391012859993
2023-05-28,-5513.689204559076
2023-05-29,-884.8029916461346
2023-05-30,-159.47316636960386
2023-05-31,-3033.609572782094
2023-06-01,-11.523051287946146
2023-06-02,-6469.716561288016
2023-06-03,-6230.475851976105
2023-06-04,-8378.892112228848
2023-06-05,-5241.783936515778
2023-06-06,-6721.998562112225
2023-06-07,3111.750419343043
2023-06-08,-8476.812191771067
2023-06-09,-5723.097149122423
2023-06-10,-6164.909699659813
2023-06-11,-10628.920488621206
2023-06-12,-7862.6262658071555
2023-06-13,-6869.684907745843
2023-06-14,-4676.61435627989
2023-06-15,-6326.222330652778
2023-06-16,29114.276869252033
2023-06-17,-8181.268750849831
2023-06-18,-17128.031178810532
2023-06-19,2899.2334671548415
2023-06-20,13757.02193088373
2023-06-21,9737.99518761805
2023-06-22,-1091.7734450849894
2023-06-23,-5175.568266438997
2023-06-24,-1254.2009047263455
2023-06-25,-10267.322162171793
2023-06-26,1070.6131680917097
2023-06-27,-98.20051623980908
2023-06-28,-1231.8943937212207
2023-06-29,-5075.409474214866
2023-06-30,-14616.693217950582
2023-07-01,2351.9067901814124
2023-07-02,-16714.38848886256
2023-07-03,15592.200214063792
2023-07-04,2337.7590154098034
2023-07-05,-470.69422116746864
2023-07-06,1570.6237539060276
2023-07-07,-12271.503582680532
2023-07-08,-8666.063153823365
2023-07-09,-11368.958075787159
2023-07-10,3226.038042626351
2023-07-11,9824.392745273322
2023-07-12,23308.006889347984
2023-07-13,8753.477860070812
2023-07-14,-3541.8417023862603
2023-07-15,-4199.195786383123
2023-07-16,-16166.370645478104
2023-07-17,8480.028947280625
2023-07-18,4246.791347066024
2023-07-19,4119.959232483081
2023-07-20,7546.109383571831
2023-07-21,-10921.170047280833
2023-07-22,-2755.4645837489006
2023-07-23,-12750.357428425916
2023-07-24,10188.317221948033
2023-07-25,2439.442492259863
2023-07-26,552.474085572474
2023-07-27,-3744.9371006992187
2023-07-28,1731.904200007306
2023-07-29,270.28088743283297
2023-07-30,-3553.6961181809966
2023-07-31,14484.97522007268
2023-08-01,588.7108633797034
2023-08-02,5397.102451821451
2023-08-03,-7826.136352495087
2023-08-04,-9069.14482384127
2023-08-05,-11498.686446810389
2023-08-06,-15331.48439279606
2023-08-07,-2864.219514517972
2023-08-08,-16799.647155267405
2023-08-09,-7583.7222637912055
2023-08-10,-7855.987944128585
2023-08-11,-10387.294899357312
2023-08-12,-11590.288267197211
2023-08-13,-8126.413192859167
2023-08-14,-4147.020532800525
2023-08-15,10163.292567686003
2023-08-16,-1961.8103431807576
2023-08-17,-6313.273394506821
2023-08-18,-3442.3658790654918
2023-08-19,-3085.5797021992475
2023-08-20,-8505.100179995563
2023-08-21,-6620.314615544172
2023-08-22,1163.0476519544136
2023-08-23,-5464.264581178439
2023-08-24,-5692.143784961547
2023-08-25,-6354.236080190123
2023-08-26,-6518.618316759093
2023-08-27,-18588.794648905365
2023-08-28,-1860.7234640014467
2023-08-29,-8096.938793469821
2023-08-30,-7167.121449845403
2023-08-31,842.4756341074244
2023-09-01,-2135.955343865622
2023-09-02,-6479.374589467439
2023-09-03,-17909.913978390134
2023-09-04,-4667.4524071487995
2023-09-05,-2509.4522254175754
2023-09-06,-1754.5000327862435
2023-09-07,-6039.407708947816
2023-09-08,-10484.125715280963
2023-09-09,-8693.503769281942
2023-09-10,-12596.148124962345
2023-09-11,-2993.5166447694864
2023-09-12,-1100.9032754696564
2023-09-13,357.95764750954913
2023-09-14,14163.89404583168
2023-09-15,1293.4514487298948
2023-09-16,-4580.081969803148
2023-09-17,-10877.200399887392
2023-09-18,-220.2431775683399
2023-09-19,-2107.68387810103
2023-09-20,1673.2769162912737
2023-09-21,-372.5940197877826
2023-09-22,-5542.894211060026
2023-09-23,5887.349423802487
2023-09-24,-12772.704691556704
2023-09-25,603.7522488251743
2023-09-26,-3537.2532205392963
2023-09-27,-6147.439052597794
2023-09-28,-1455.186381680196
2023-09-29,-3215.7875285622977
2023-09-30,5422.433199470506
2023-10-01,-15675.787029623889
2023-10-02,1088.6424376640534
2023-10-03,1122.0250519599977
2023-10-04,11044.559335616781
2023-10-05,-2052.5241468860295
2023-10-06,-2507.1434778966504
2023-10-07,-6830.092493296001
2023-10-08,-15732.32687718415
2023-10-09,1570.9554685414987
2023-10-10,7530.887828924955
2023-10-11,2500.669924191181
2023-10-12,4343.847353220714
2023-10-13,6713.179762291926
2023-10-14,2174.2306527456676
2023-10-15,-15285.379725124054
2023-10-16,3270.2253970033817
2023-10-17,2196.829618603282
2023-10-18,289.45811740289355
2023-10-19,8226.499965729508
2023-10-20,-146.9595468991247
2023-10-21,7689.8581362368495
2023-10-22,-14623.940040549467
2023-10-23,63.45165119376907
2023-10-24,-693.9651313454815
2023-10-25,4476.534276661827
2023-10-26,17975.937029803194
2023-10-27,6187.869714119122
2023-10-28,-2483.6446675289044
2023-10-29,-14557.784142316654
2023-10-30,875.5377746210543
2023-10-31,4785.778318923403
2023-11-01,1700.194638494395
2023-11-02,6230.258185280356
2023-11-03,3394.913732780391
2023-11-04,-479.82264327117446
2023-11-05,-15970.509898653687
2023-11-06,-1416.4467065108875
2023-11-07,-4996.592960446331
2023-11-08,-839.7713938169109
2023-11-09,3075.147741325043
2023-11-10,14249.83213199475
2023-11-11,5316.157517164567
2023-11-12,-15233.355851975319
2023-11-13,6437.960298195823
2023-11-14,7418.386881986713
2023-11-15,5175.347957715476
2023-11-16,17118.59011896233
2023-11-17,22576.695441464093
2023-11-18,20104.38386974683
2023-11-19,-15150.821191741967
2023-11-20,433.2327810394381
2023-11-21,17238.403520417036
2023-11-22,-1872.2181876441973
2023-11-23,-3227.7153787144453
2023-11-24,7747.809747880237
2023-11-25,14320.164643992874
2023-11-26,-15720.693655750103
2023-11-27,2439.829382630298
2023-11-28,3147.821577266983
2023-11-29,1662.6833003536449
2023-11-30,-662.7952131800339
2023-12-01,4786.514845260805
2023-12-02,8473.961145627633
2023-12-03,472.98910505266394
2023-12-04,3353.1268327364705
2023-12-05,4079.2659775833017
2023-12-06,1484.389993931578
2023-12-07,2774.606689377877
2023-12-08,2630.642123442136
2023-12-09,6854.866973946424
2023-12-10,5602.599529551728
2023-12-11,1878.3433177903025
2023-12-12,3368.36076474117
2023-12-13,6835.791680968519
2023-12-14,6822.6042420452795
2023-12-15,-1186.5877176310096
2023-12-16,-471.63464230698446
2023-12-17,1725.0580617317792
2023-12-18,17046.242166766187
2023-12-19,8934.093073206459
2023-12-20,22532.724841882984
2023-12-21,24025.673635729767
2023-12-22,8783.701616192884
2023-12-23,-11542.986813182302
2023-12-24,-18983.452981497005
2023-12-25,-23966.75744712769
2023-12-26,-25142.327055581678
2023-12-27,-17262.652904731498
